timestamp 2025-09-10T04:50:52+00:00
  sl  local_address rem_address   st tx_queue rx_queue tr tm->when retrnsmt   uid  timeout inode                                                     
   0: 00000000:0947 00000000:0000 0A 00000000:00000000 00:00000000 00000000     0        0 3374 1 00000000c02401b0 100 0 0 10 0                      
   1: 00000000:6784 00000000:0000 0A 00000000:00000000 00:00000000 00000000     0        0 2805 1 000000008185227b 100 0 0 10 0                      
   2: 02001EAC:AA2E 7D121268:01BB 01 00000000:00000000 00:00000000 00000000  1000        0 8218 1 000000000a778bf5 21 4 26 10 -1                     
   3: 02001EAC:855C 51990634:01BB 01 00000000:00000000 00:00000000 00000000  1000        0 5641 1 00000000e6ce5bc1 26 4 31 10 -1                     
   4: 02001EAC:6784 A507A8C0:910E 01 00000000:00000000 00:00000000 00000000     0        0 3750 1 00000000208bd012 20 4 26 10 -1                     
   5: 02001EAC:90B4 778A3634:01BB 01 00000000:00000000 02:00000ADE 00000000  1000        0 5070 2 0000000042f12e22 27 4 31 10 -1                     
   6: 02001EAC:0947 A507A8C0:A960 01 00000000:00000000 00:00000000 00000000     0        0 1944 1 00000000e24cad1a 20 4 31 10 -1                     
   7: 02001EAC:D9A2 6F3CE122:01BB 01 00000000:00000000 02:00000615 00000000  1000        0 6460 2 000000008e87f52f 26 4 23 10 -1                     
  sl  local_address                         remote_address                        st tx_queue rx_queue tr tm->when retrnsmt   uid  timeout inode
   0: 00000000000000000000000000000000:65C5 00000000000000000000000000000000:0000 0A 00000000:00000000 00:00000000 00000000  1000        0 4755 1 00000000e354c165 100 0 0 10 0
   1: 0000000000000000FFFF000002001EAC:65C5 0000000000000000FFFF0000A507A8C0:C482 06 00000000:00000000 03:00000268 00000000     0        0 0 3 0000000085de9e7c
   2: 0000000000000000FFFF000002001EAC:65C5 0000000000000000FFFF0000A507A8C0:9E5A 06 00000000:00000000 03:00000F9A 00000000     0        0 0 3 0000000041b34d54
   3: 0000000000000000FFFF000002001EAC:65C5 0000000000000000FFFF0000A507A8C0:8836 01 00000000:00000000 00:00000000 00000000  1000        0 10212 1 000000008e905da2 20 4 26 10 -1
timestamp 2025-09-10T04:50:54+00:00
  sl  local_address rem_address   st tx_queue rx_queue tr tm->when retrnsmt   uid  timeout inode                                                     
   0: 00000000:0947 00000000:0000 0A 00000000:00000000 00:00000000 00000000     0        0 3374 1 00000000c02401b0 100 0 0 10 0                      
   1: 00000000:6784 00000000:0000 0A 00000000:00000000 00:00000000 00000000     0        0 2805 1 000000008185227b 100 0 0 10 0                      
   2: 02001EAC:AA2E 7D121268:01BB 01 00000000:00000000 00:00000000 00000000  1000        0 8218 1 000000000a778bf5 21 4 26 10 -1                     
   3: 02001EAC:855C 51990634:01BB 01 00000000:00000000 00:00000000 00000000  1000        0 5641 1 00000000e6ce5bc1 26 4 31 10 -1                     
   4: 02001EAC:6784 A507A8C0:910E 01 00000000:00000000 00:00000000 00000000     0        0 3750 1 00000000208bd012 20 4 26 10 -1                     
   5: 02001EAC:90B4 778A3634:01BB 01 00000000:00000000 02:00000A0A 00000000  1000        0 5070 2 0000000042f12e22 27 4 31 10 -1                     
   6: 02001EAC:0947 A507A8C0:A960 01 00000000:00000000 00:00000000 00000000     0        0 1944 1 00000000e24cad1a 20 4 31 10 -1                     
   7: 02001EAC:D9A2 6F3CE122:01BB 01 00000000:00000000 02:00000541 00000000  1000        0 6460 2 000000008e87f52f 26 4 23 10 -1                     
  sl  local_address                         remote_address                        st tx_queue rx_queue tr tm->when retrnsmt   uid  timeout inode
   0: 00000000000000000000000000000000:65C5 00000000000000000000000000000000:0000 0A 00000000:00000000 00:00000000 00000000  1000        0 4755 1 00000000e354c165 100 0 0 10 0
   1: 0000000000000000FFFF000002001EAC:65C5 0000000000000000FFFF0000A507A8C0:C482 06 00000000:00000000 03:00000194 00000000     0        0 0 3 0000000085de9e7c
   2: 0000000000000000FFFF000002001EAC:65C5 0000000000000000FFFF0000A507A8C0:9E5A 06 00000000:00000000 03:00000EC6 00000000     0        0 0 3 0000000041b34d54
   3: 0000000000000000FFFF000002001EAC:65C5 0000000000000000FFFF0000A507A8C0:8836 01 00000000:00000000 00:00000000 00000000  1000        0 10212 1 000000008e905da2 20 4 26 10 -1
timestamp 2025-09-10T04:50:56+00:00
  sl  local_address rem_address   st tx_queue rx_queue tr tm->when retrnsmt   uid  timeout inode                                                     
   0: 00000000:0947 00000000:0000 0A 00000000:00000000 00:00000000 00000000     0        0 3374 1 00000000c02401b0 100 0 0 10 0                      
   1: 00000000:6784 00000000:0000 0A 00000000:00000000 00:00000000 00000000     0        0 2805 1 000000008185227b 100 0 0 10 0                      
   2: 02001EAC:AA2E 7D121268:01BB 01 00000000:00000000 00:00000000 00000000  1000        0 8218 1 000000000a778bf5 21 4 26 10 -1                     
   3: 02001EAC:855C 51990634:01BB 01 00000000:00000000 00:00000000 00000000  1000        0 5641 1 00000000e6ce5bc1 26 4 31 10 -1                     
   4: 02001EAC:6784 A507A8C0:910E 01 00000000:00000000 00:00000000 00000000     0        0 3750 1 00000000208bd012 20 4 26 10 -1                     
   5: 02001EAC:90B4 778A3634:01BB 01 00000000:00000000 02:00000936 00000000  1000        0 5070 2 0000000042f12e22 27 4 31 10 -1                     
   6: 02001EAC:0947 A507A8C0:A960 01 00000000:00000000 00:00000000 00000000     0        0 1944 1 00000000e24cad1a 20 4 31 10 -1                     
   7: 02001EAC:D9A2 6F3CE122:01BB 01 00000000:00000000 02:0000046D 00000000  1000        0 6460 2 000000008e87f52f 26 4 23 10 -1                     
  sl  local_address                         remote_address                        st tx_queue rx_queue tr tm->when retrnsmt   uid  timeout inode
   0: 00000000000000000000000000000000:65C5 00000000000000000000000000000000:0000 0A 00000000:00000000 00:00000000 00000000  1000        0 4755 1 00000000e354c165 100 0 0 10 0
   1: 0000000000000000FFFF000002001EAC:65C5 0000000000000000FFFF0000A507A8C0:C482 06 00000000:00000000 03:000000C0 00000000     0        0 0 3 0000000085de9e7c
   2: 0000000000000000FFFF000002001EAC:65C5 0000000000000000FFFF0000A507A8C0:9E5A 06 00000000:00000000 03:00000DF2 00000000     0        0 0 3 0000000041b34d54
   3: 0000000000000000FFFF000002001EAC:65C5 0000000000000000FFFF0000A507A8C0:8836 01 00000000:00000000 00:00000000 00000000  1000        0 10212 1 000000008e905da2 20 4 26 10 -1
timestamp 2025-09-10T04:50:58+00:00
  sl  local_address rem_address   st tx_queue rx_queue tr tm->when retrnsmt   uid  timeout inode                                                     
   0: 00000000:0947 00000000:0000 0A 00000000:00000000 00:00000000 00000000     0        0 3374 1 00000000c02401b0 100 0 0 10 0                      
   1: 00000000:6784 00000000:0000 0A 00000000:00000000 00:00000000 00000000     0        0 2805 1 000000008185227b 100 0 0 10 0                      
   2: 02001EAC:AA2E 7D121268:01BB 01 00000000:00000000 00:00000000 00000000  1000        0 8218 1 000000000a778bf5 21 4 26 10 -1                     
   3: 02001EAC:855C 51990634:01BB 01 00000000:00000000 00:00000000 00000000  1000        0 5641 1 00000000e6ce5bc1 26 4 31 10 -1                     
   4: 02001EAC:6784 A507A8C0:910E 01 00000000:00000000 00:00000000 00000000     0        0 3750 1 00000000208bd012 20 4 26 10 -1                     
   5: 02001EAC:90B4 778A3634:01BB 01 00000000:00000000 02:00000862 00000000  1000        0 5070 2 0000000042f12e22 27 4 31 10 -1                     
   6: 02001EAC:0947 A507A8C0:A960 01 00000000:00000000 00:00000000 00000000     0        0 1944 1 00000000e24cad1a 20 4 31 10 -1                     
   7: 02001EAC:D9A2 6F3CE122:01BB 01 00000000:00000000 02:00000399 00000000  1000        0 6460 2 000000008e87f52f 26 4 23 10 -1                     
  sl  local_address                         remote_address                        st tx_queue rx_queue tr tm->when retrnsmt   uid  timeout inode
   0: 00000000000000000000000000000000:65C5 00000000000000000000000000000000:0000 0A 00000000:00000000 00:00000000 00000000  1000        0 4755 1 00000000e354c165 100 0 0 10 0
   1: 0000000000000000FFFF000002001EAC:65C5 0000000000000000FFFF0000A507A8C0:C482 06 00000000:00000000 03:00000000 00000000     0        0 0 3 0000000085de9e7c
   2: 0000000000000000FFFF000002001EAC:65C5 0000000000000000FFFF0000A507A8C0:9E5A 06 00000000:00000000 03:00000D1E 00000000     0        0 0 3 0000000041b34d54
   3: 0000000000000000FFFF000002001EAC:65C5 0000000000000000FFFF0000A507A8C0:8836 01 00000000:00000000 00:00000000 00000000  1000        0 10212 1 000000008e905da2 20 4 26 10 -1
timestamp 2025-09-10T04:51:00+00:00
  sl  local_address rem_address   st tx_queue rx_queue tr tm->when retrnsmt   uid  timeout inode                                                     
   0: 00000000:0947 00000000:0000 0A 00000000:00000000 00:00000000 00000000     0        0 3374 1 00000000c02401b0 100 0 0 10 0                      
   1: 00000000:6784 00000000:0000 0A 00000000:00000000 00:00000000 00000000     0        0 2805 1 000000008185227b 100 0 0 10 0                      
   2: 02001EAC:AA2E 7D121268:01BB 01 00000000:00000000 00:00000000 00000000  1000        0 8218 1 000000000a778bf5 21 4 26 10 -1                     
   3: 02001EAC:855C 51990634:01BB 01 00000000:00000000 00:00000000 00000000  1000        0 5641 1 00000000e6ce5bc1 26 4 31 10 -1                     
   4: 02001EAC:6784 A507A8C0:910E 01 00000000:00000000 00:00000000 00000000     0        0 3750 1 00000000208bd012 20 4 26 10 -1                     
   5: 02001EAC:90B4 778A3634:01BB 01 00000000:00000000 02:0000078E 00000000  1000        0 5070 2 0000000042f12e22 27 4 31 10 -1                     
   6: 02001EAC:0947 A507A8C0:A960 01 00000000:00000000 00:00000000 00000000     0        0 1944 1 00000000e24cad1a 20 4 31 10 -1                     
   7: 02001EAC:D9A2 6F3CE122:01BB 01 00000000:00000000 02:000002C5 00000000  1000        0 6460 2 000000008e87f52f 26 4 23 10 -1                     
  sl  local_address                         remote_address                        st tx_queue rx_queue tr tm->when retrnsmt   uid  timeout inode
   0: 00000000000000000000000000000000:65C5 00000000000000000000000000000000:0000 0A 00000000:00000000 00:00000000 00000000  1000        0 4755 1 00000000e354c165 100 0 0 10 0
   1: 0000000000000000FFFF000002001EAC:65C5 0000000000000000FFFF0000A507A8C0:9E5A 06 00000000:00000000 03:00000C4A 00000000     0        0 0 3 0000000041b34d54
   2: 0000000000000000FFFF000002001EAC:65C5 0000000000000000FFFF0000A507A8C0:8836 01 00000000:00000000 00:00000000 00000000  1000        0 10212 1 000000008e905da2 20 4 26 10 -1
timestamp 2025-09-10T04:51:02+00:00
  sl  local_address rem_address   st tx_queue rx_queue tr tm->when retrnsmt   uid  timeout inode                                                     
   0: 00000000:0947 00000000:0000 0A 00000000:00000000 00:00000000 00000000     0        0 3374 1 00000000c02401b0 100 0 0 10 0                      
   1: 00000000:6784 00000000:0000 0A 00000000:00000000 00:00000000 00000000     0        0 2805 1 000000008185227b 100 0 0 10 0                      
   2: 02001EAC:AA2E 7D121268:01BB 01 00000000:00000000 00:00000000 00000000  1000        0 8218 1 000000000a778bf5 21 4 26 10 -1                     
   3: 02001EAC:855C 51990634:01BB 01 00000000:00000000 00:00000000 00000000  1000        0 5641 1 00000000e6ce5bc1 26 4 31 10 -1                     
   4: 02001EAC:6784 A507A8C0:910E 01 00000000:00000000 00:00000000 00000000     0        0 3750 1 00000000208bd012 20 4 26 10 -1                     
   5: 02001EAC:90B4 778A3634:01BB 01 00000000:00000000 02:000006BA 00000000  1000        0 5070 2 0000000042f12e22 27 4 31 10 -1                     
   6: 02001EAC:0947 A507A8C0:A960 01 00000000:00000000 00:00000000 00000000     0        0 1944 1 00000000e24cad1a 20 4 31 10 -1                     
   7: 02001EAC:D9A2 6F3CE122:01BB 01 00000000:00000000 02:000001F1 00000000  1000        0 6460 2 000000008e87f52f 26 4 23 10 -1                     
  sl  local_address                         remote_address                        st tx_queue rx_queue tr tm->when retrnsmt   uid  timeout inode
   0: 00000000000000000000000000000000:65C5 00000000000000000000000000000000:0000 0A 00000000:00000000 00:00000000 00000000  1000        0 4755 1 00000000e354c165 100 0 0 10 0
   1: 0000000000000000FFFF000002001EAC:65C5 0000000000000000FFFF0000A507A8C0:9E5A 06 00000000:00000000 03:00000B76 00000000     0        0 0 3 0000000041b34d54
   2: 0000000000000000FFFF000002001EAC:65C5 0000000000000000FFFF0000A507A8C0:8836 06 00000000:00000000 03:000016F3 00000000     0        0 0 3 0000000085de9e7c
timestamp 2025-09-10T04:51:04+00:00
  sl  local_address rem_address   st tx_queue rx_queue tr tm->when retrnsmt   uid  timeout inode                                                     
   0: 00000000:0947 00000000:0000 0A 00000000:00000000 00:00000000 00000000     0        0 3374 1 00000000c02401b0 100 0 0 10 0                      
   1: 00000000:6784 00000000:0000 0A 00000000:00000000 00:00000000 00000000     0        0 2805 1 000000008185227b 100 0 0 10 0                      
   2: 02001EAC:AA2E 7D121268:01BB 01 00000000:00000000 00:00000000 00000000  1000        0 8218 1 000000000a778bf5 21 4 26 10 -1                     
   3: 02001EAC:855C 51990634:01BB 01 00000000:00000000 00:00000000 00000000  1000        0 5641 1 00000000e6ce5bc1 26 4 31 10 -1                     
   4: 02001EAC:6784 A507A8C0:910E 01 00000000:00000000 00:00000000 00000000     0        0 3750 1 00000000208bd012 20 4 26 10 -1                     
   5: 02001EAC:90B4 778A3634:01BB 01 00000000:00000000 02:000005E6 00000000  1000        0 5070 2 0000000042f12e22 27 4 31 10 -1                     
   6: 02001EAC:0947 A507A8C0:A960 01 00000000:00000000 00:00000000 00000000     0        0 1944 1 00000000e24cad1a 20 4 31 10 -1                     
   7: 02001EAC:D9A2 6F3CE122:01BB 01 00000000:00000000 02:0000011D 00000000  1000        0 6460 2 000000008e87f52f 26 4 23 10 -1                     
  sl  local_address                         remote_address                        st tx_queue rx_queue tr tm->when retrnsmt   uid  timeout inode
   0: 00000000000000000000000000000000:65C5 00000000000000000000000000000000:0000 0A 00000000:00000000 00:00000000 00000000  1000        0 4755 1 00000000e354c165 100 0 0 10 0
   1: 0000000000000000FFFF000002001EAC:65C5 0000000000000000FFFF0000A507A8C0:9E5A 06 00000000:00000000 03:00000AA2 00000000     0        0 0 3 0000000041b34d54
   2: 0000000000000000FFFF000002001EAC:65C5 0000000000000000FFFF0000A507A8C0:8836 06 00000000:00000000 03:0000161F 00000000     0        0 0 3 0000000085de9e7c
timestamp 2025-09-10T04:51:06+00:00
  sl  local_address rem_address   st tx_queue rx_queue tr tm->when retrnsmt   uid  timeout inode                                                     
   0: 00000000:0947 00000000:0000 0A 00000000:00000000 00:00000000 00000000     0        0 3374 1 00000000c02401b0 100 0 0 10 0                      
   1: 00000000:6784 00000000:0000 0A 00000000:00000000 00:00000000 00000000     0        0 2805 1 000000008185227b 100 0 0 10 0                      
   2: 02001EAC:AA2E 7D121268:01BB 01 00000000:00000000 00:00000000 00000000  1000        0 8218 1 000000000a778bf5 21 4 26 10 -1                     
   3: 02001EAC:855C 51990634:01BB 01 00000000:00000000 00:00000000 00000000  1000        0 5641 1 00000000e6ce5bc1 26 4 31 10 -1                     
   4: 02001EAC:6784 A507A8C0:910E 01 00000000:00000000 00:00000000 00000000     0        0 3750 1 00000000208bd012 20 4 26 10 -1                     
   5: 02001EAC:90B4 778A3634:01BB 01 00000000:00000000 02:00000512 00000000  1000        0 5070 2 0000000042f12e22 27 4 31 10 -1                     
   6: 02001EAC:0947 A507A8C0:A960 01 00000000:00000000 00:00000000 00000000     0        0 1944 1 00000000e24cad1a 20 4 31 10 -1                     
   7: 02001EAC:D9A2 6F3CE122:01BB 01 00000000:00000000 02:00000049 00000000  1000        0 6460 2 000000008e87f52f 26 4 23 10 -1                     
  sl  local_address                         remote_address                        st tx_queue rx_queue tr tm->when retrnsmt   uid  timeout inode
   0: 00000000000000000000000000000000:65C5 00000000000000000000000000000000:0000 0A 00000000:00000000 00:00000000 00000000  1000        0 4755 1 00000000e354c165 100 0 0 10 0
   1: 0000000000000000FFFF000002001EAC:65C5 0000000000000000FFFF0000A507A8C0:9E5A 06 00000000:00000000 03:000009CE 00000000     0        0 0 3 0000000041b34d54
   2: 0000000000000000FFFF000002001EAC:65C5 0000000000000000FFFF0000A507A8C0:C780 01 00000000:00000000 00:00000000 00000000  1000        0 12109 2 000000008e905da2 20 4 9 10 -1
   3: 0000000000000000FFFF000002001EAC:65C5 0000000000000000FFFF0000A507A8C0:8836 06 00000000:00000000 03:0000154B 00000000     0        0 0 3 0000000085de9e7c
timestamp 2025-09-10T04:51:09+00:00
  sl  local_address rem_address   st tx_queue rx_queue tr tm->when retrnsmt   uid  timeout inode                                                     
   0: 00000000:0947 00000000:0000 0A 00000000:00000000 00:00000000 00000000     0        0 3374 1 00000000c02401b0 100 0 0 10 0                      
   1: 00000000:6784 00000000:0000 0A 00000000:00000000 00:00000000 00000000     0        0 2805 1 000000008185227b 100 0 0 10 0                      
   2: 02001EAC:AA2E 7D121268:01BB 01 00000000:00000000 00:00000000 00000000  1000        0 8218 1 000000000a778bf5 21 4 26 10 -1                     
   3: 02001EAC:855C 51990634:01BB 01 00000000:00000000 00:00000000 00000000  1000        0 5641 1 00000000e6ce5bc1 26 4 31 10 -1                     
   4: 02001EAC:6784 A507A8C0:910E 01 00000000:00000000 00:00000000 00000000     0        0 3750 1 00000000208bd012 20 4 26 10 -1                     
   5: 02001EAC:90B4 778A3634:01BB 01 00000000:00000000 02:0000043E 00000000  1000        0 5070 2 0000000042f12e22 27 4 31 10 -1                     
   6: 02001EAC:0947 A507A8C0:A960 01 00000000:00000000 00:00000000 00000000     0        0 1944 1 00000000e24cad1a 20 4 31 10 -1                     
   7: 02001EAC:D9A2 6F3CE122:01BB 01 00000000:00000000 02:00000000 00000000  1000        0 6460 2 000000008e87f52f 26 4 23 10 -1                     
  sl  local_address                         remote_address                        st tx_queue rx_queue tr tm->when retrnsmt   uid  timeout inode
   0: 00000000000000000000000000000000:65C5 00000000000000000000000000000000:0000 0A 00000000:00000000 00:00000000 00000000  1000        0 4755 1 00000000e354c165 100 0 0 10 0
   1: 0000000000000000FFFF000002001EAC:65C5 0000000000000000FFFF0000A507A8C0:9E5A 06 00000000:00000000 03:000008FA 00000000     0        0 0 3 0000000041b34d54
   2: 0000000000000000FFFF000002001EAC:65C5 0000000000000000FFFF0000A507A8C0:C780 01 00000000:00000000 00:00000000 00000000  1000        0 12109 1 000000008e905da2 20 4 21 10 -1
   3: 0000000000000000FFFF000002001EAC:65C5 0000000000000000FFFF0000A507A8C0:8836 06 00000000:00000000 03:00001477 00000000     0        0 0 3 0000000085de9e7c
timestamp 2025-09-10T04:51:11+00:00
  sl  local_address rem_address   st tx_queue rx_queue tr tm->when retrnsmt   uid  timeout inode                                                     
   0: 00000000:0947 00000000:0000 0A 00000000:00000000 00:00000000 00000000     0        0 3374 1 00000000c02401b0 100 0 0 10 0                      
   1: 00000000:6784 00000000:0000 0A 00000000:00000000 00:00000000 00000000     0        0 2805 1 000000008185227b 100 0 0 10 0                      
   2: 02001EAC:AA2E 7D121268:01BB 01 00000000:00000000 00:00000000 00000000  1000        0 8218 1 000000000a778bf5 21 4 26 10 -1                     
   3: 02001EAC:855C 51990634:01BB 01 00000000:00000000 00:00000000 00000000  1000        0 5641 1 00000000e6ce5bc1 26 4 31 10 -1                     
   4: 02001EAC:6784 A507A8C0:910E 01 00000000:00000000 00:00000000 00000000     0        0 3750 1 00000000208bd012 20 4 26 10 -1                     
   5: 02001EAC:90B4 778A3634:01BB 01 00000000:00000000 02:0000036A 00000000  1000        0 5070 2 0000000042f12e22 27 4 31 10 -1                     
   6: 02001EAC:0947 A507A8C0:A960 01 00000000:00000000 00:00000000 00000000     0        0 1944 1 00000000e24cad1a 20 4 31 10 -1                     
   7: 02001EAC:D9A2 6F3CE122:01BB 01 00000000:00000000 02:00001102 00000000  1000        0 6460 2 000000008e87f52f 26 4 23 10 -1                     
  sl  local_address                         remote_address                        st tx_queue rx_queue tr tm->when retrnsmt   uid  timeout inode
   0: 00000000000000000000000000000000:65C5 00000000000000000000000000000000:0000 0A 00000000:00000000 00:00000000 00000000  1000        0 4755 1 00000000e354c165 100 0 0 10 0
   1: 0000000000000000FFFF000002001EAC:65C5 0000000000000000FFFF0000A507A8C0:9E5A 06 00000000:00000000 03:00000826 00000000     0        0 0 3 0000000041b34d54
   2: 0000000000000000FFFF000002001EAC:65C5 0000000000000000FFFF0000A507A8C0:C780 01 00000000:00000000 00:00000000 00000000  1000        0 12109 1 000000008e905da2 20 4 21 10 -1
   3: 0000000000000000FFFF000002001EAC:65C5 0000000000000000FFFF0000A507A8C0:8836 06 00000000:00000000 03:000013A3 00000000     0        0 0 3 0000000085de9e7c
timestamp 2025-09-10T04:51:13+00:00
  sl  local_address rem_address   st tx_queue rx_queue tr tm->when retrnsmt   uid  timeout inode                                                     
   0: 00000000:0947 00000000:0000 0A 00000000:00000000 00:00000000 00000000     0        0 3374 1 00000000c02401b0 100 0 0 10 0                      
   1: 00000000:6784 00000000:0000 0A 00000000:00000000 00:00000000 00000000     0        0 2805 1 000000008185227b 100 0 0 10 0                      
   2: 02001EAC:AA2E 7D121268:01BB 01 00000000:00000000 00:00000000 00000000  1000        0 8218 1 000000000a778bf5 21 4 26 10 -1                     
   3: 02001EAC:855C 51990634:01BB 01 00000000:00000000 00:00000000 00000000  1000        0 5641 1 00000000e6ce5bc1 26 4 31 10 -1                     
   4: 02001EAC:6784 A507A8C0:910E 01 00000000:00000000 00:00000000 00000000     0        0 3750 1 00000000208bd012 20 4 26 10 -1                     
   5: 02001EAC:90B4 778A3634:01BB 01 00000000:00000000 02:00000296 00000000  1000        0 5070 2 0000000042f12e22 27 4 31 10 -1                     
   6: 02001EAC:0947 A507A8C0:A960 01 00000000:00000000 00:00000000 00000000     0        0 1944 1 00000000e24cad1a 20 4 31 10 -1                     
   7: 02001EAC:D9A2 6F3CE122:01BB 01 00000000:00000000 02:0000102E 00000000  1000        0 6460 2 000000008e87f52f 26 4 23 10 -1                     
  sl  local_address                         remote_address                        st tx_queue rx_queue tr tm->when retrnsmt   uid  timeout inode
   0: 00000000000000000000000000000000:65C5 00000000000000000000000000000000:0000 0A 00000000:00000000 00:00000000 00000000  1000        0 4755 1 00000000e354c165 100 0 0 10 0
   1: 0000000000000000FFFF000002001EAC:65C5 0000000000000000FFFF0000A507A8C0:CF12 01 00000000:00000000 00:00000000 00000000  1000        0 13101 1 00000000b1c941fd 20 4 27 10 -1
   2: 0000000000000000FFFF000002001EAC:65C5 0000000000000000FFFF0000A507A8C0:9E5A 06 00000000:00000000 03:00000752 00000000     0        0 0 3 0000000041b34d54
   3: 0000000000000000FFFF000002001EAC:65C5 0000000000000000FFFF0000A507A8C0:CEDC 01 00000000:00000000 00:00000000 00000000  1000        0 13096 1 00000000743e96e9 20 4 27 10 -1
   4: 0000000000000000FFFF000002001EAC:65C5 0000000000000000FFFF0000A507A8C0:CED8 01 00000000:00000000 00:00000000 00000000  1000        0 15410 1 000000008fe60dc2 20 4 15 10 -1
   5: 0000000000000000FFFF000002001EAC:65C5 0000000000000000FFFF0000A507A8C0:CEF6 01 00000000:00000000 00:00000000 00000000  1000        0 13099 1 00000000433b4f3b 20 4 27 10 -1
   6: 0000000000000000FFFF000002001EAC:65C5 0000000000000000FFFF0000A507A8C0:C780 01 00000000:00000000 00:00000000 00000000  1000        0 12109 1 000000008e905da2 20 4 15 10 -1
   7: 0000000000000000FFFF000002001EAC:65C5 0000000000000000FFFF0000A507A8C0:CEEE 01 00000000:00000000 00:00000000 00000000  1000        0 13098 1 0000000023e9a942 20 4 27 10 -1
   8: 0000000000000000FFFF000002001EAC:65C5 0000000000000000FFFF0000A507A8C0:8836 06 00000000:00000000 03:000012CF 00000000     0        0 0 3 0000000085de9e7c
   9: 0000000000000000FFFF000002001EAC:65C5 0000000000000000FFFF0000A507A8C0:CEE0 01 00000000:00000000 00:00000000 00000000  1000        0 13097 1 00000000d3b2ceff 20 4 27 10 -1
  10: 0000000000000000FFFF000002001EAC:65C5 0000000000000000FFFF0000A507A8C0:CF04 01 00000000:00000000 00:00000000 00000000  1000        0 13100 1 000000000f5e09cb 20 4 27 10 -1
timestamp 2025-09-10T04:51:15+00:00
  sl  local_address rem_address   st tx_queue rx_queue tr tm->when retrnsmt   uid  timeout inode                                                     
   0: 00000000:0947 00000000:0000 0A 00000000:00000000 00:00000000 00000000     0        0 3374 1 00000000c02401b0 100 0 0 10 0                      
   1: 00000000:6784 00000000:0000 0A 00000000:00000000 00:00000000 00000000     0        0 2805 1 000000008185227b 100 0 0 10 0                      
   2: 02001EAC:AA2E 7D121268:01BB 01 00000000:00000000 00:00000000 00000000  1000        0 8218 1 000000000a778bf5 21 4 26 10 -1                     
   3: 02001EAC:855C 51990634:01BB 01 00000000:00000000 00:00000000 00000000  1000        0 5641 1 00000000e6ce5bc1 26 4 31 10 -1                     
   4: 02001EAC:6784 A507A8C0:910E 01 00000000:00000000 00:00000000 00000000     0        0 3750 1 00000000208bd012 20 4 26 10 -1                     
   5: 02001EAC:90B4 778A3634:01BB 01 00000000:00000000 02:000001C2 00000000  1000        0 5070 2 0000000042f12e22 27 4 31 10 -1                     
   6: 02001EAC:0947 A507A8C0:A960 01 00000000:00000000 00:00000000 00000000     0        0 1944 1 00000000e24cad1a 20 4 31 10 -1                     
   7: 02001EAC:D9A2 6F3CE122:01BB 01 00000000:00000000 02:00000F5A 00000000  1000        0 6460 2 000000008e87f52f 26 4 23 10 -1                     
  sl  local_address                         remote_address                        st tx_queue rx_queue tr tm->when retrnsmt   uid  timeout inode
   0: 00000000000000000000000000000000:65C5 00000000000000000000000000000000:0000 0A 00000000:00000000 00:00000000 00000000  1000        0 4755 1 00000000e354c165 100 0 0 10 0
   1: 0000000000000000FFFF000002001EAC:65C5 0000000000000000FFFF0000A507A8C0:CF12 01 00000000:00000000 00:00000000 00000000  1000        0 13101 1 00000000b1c941fd 20 4 27 10 -1
   2: 0000000000000000FFFF000002001EAC:65C5 0000000000000000FFFF0000A507A8C0:9E5A 06 00000000:00000000 03:0000067F 00000000     0        0 0 3 0000000041b34d54
   3: 0000000000000000FFFF000002001EAC:65C5 0000000000000000FFFF0000A507A8C0:CEDC 01 00000000:00000000 00:00000000 00000000  1000        0 13096 1 00000000743e96e9 20 4 27 10 -1
   4: 0000000000000000FFFF000002001EAC:65C5 0000000000000000FFFF0000A507A8C0:CED8 01 00000000:00000000 00:00000000 00000000  1000        0 15410 1 000000008fe60dc2 20 4 15 10 -1
   5: 0000000000000000FFFF000002001EAC:65C5 0000000000000000FFFF0000A507A8C0:CEF6 01 00000000:00000000 00:00000000 00000000  1000        0 13099 1 00000000433b4f3b 20 4 27 10 -1
   6: 0000000000000000FFFF000002001EAC:65C5 0000000000000000FFFF0000A507A8C0:C780 01 00000000:00000000 00:00000000 00000000  1000        0 12109 1 000000008e905da2 20 4 15 10 -1
   7: 0000000000000000FFFF000002001EAC:65C5 0000000000000000FFFF0000A507A8C0:CEEE 01 00000000:00000000 00:00000000 00000000  1000        0 13098 1 0000000023e9a942 20 4 27 10 -1
   8: 0000000000000000FFFF000002001EAC:65C5 0000000000000000FFFF0000A507A8C0:8836 06 00000000:00000000 03:000011FC 00000000     0        0 0 3 0000000085de9e7c
   9: 0000000000000000FFFF000002001EAC:65C5 0000000000000000FFFF0000A507A8C0:CEE0 01 00000000:00000000 00:00000000 00000000  1000        0 13097 1 00000000d3b2ceff 20 4 27 10 -1
  10: 0000000000000000FFFF000002001EAC:65C5 0000000000000000FFFF0000A507A8C0:CF04 01 00000000:00000000 00:00000000 00000000  1000        0 13100 1 000000000f5e09cb 20 4 27 10 -1
timestamp 2025-09-10T04:51:17+00:00
  sl  local_address rem_address   st tx_queue rx_queue tr tm->when retrnsmt   uid  timeout inode                                                     
   0: 00000000:0947 00000000:0000 0A 00000000:00000000 00:00000000 00000000     0        0 3374 1 00000000c02401b0 100 0 0 10 0                      
   1: 00000000:6784 00000000:0000 0A 00000000:00000000 00:00000000 00000000     0        0 2805 1 000000008185227b 100 0 0 10 0                      
   2: 02001EAC:AA2E 7D121268:01BB 01 00000000:00000000 00:00000000 00000000  1000        0 8218 1 000000000a778bf5 21 4 26 10 -1                     
   3: 02001EAC:855C 51990634:01BB 01 00000000:00000000 00:00000000 00000000  1000        0 5641 1 00000000e6ce5bc1 26 4 31 10 -1                     
   4: 02001EAC:6784 A507A8C0:910E 01 00000000:00000000 00:00000000 00000000     0        0 3750 1 00000000208bd012 20 4 26 10 -1                     
   5: 02001EAC:90B4 778A3634:01BB 01 00000000:00000000 02:000000EE 00000000  1000        0 5070 2 0000000042f12e22 27 4 31 10 -1                     
   6: 02001EAC:0947 A507A8C0:A960 01 00000000:00000000 00:00000000 00000000     0        0 1944 1 00000000e24cad1a 20 4 31 10 -1                     
   7: 02001EAC:D9A2 6F3CE122:01BB 01 00000000:00000000 02:00000E86 00000000  1000        0 6460 2 000000008e87f52f 26 4 23 10 -1                     
  sl  local_address                         remote_address                        st tx_queue rx_queue tr tm->when retrnsmt   uid  timeout inode
   0: 00000000000000000000000000000000:65C5 00000000000000000000000000000000:0000 0A 00000000:00000000 00:00000000 00000000  1000        0 4755 1 00000000e354c165 100 0 0 10 0
   1: 0000000000000000FFFF000002001EAC:65C5 0000000000000000FFFF0000A507A8C0:CF12 01 00000000:00000000 00:00000000 00000000  1000        0 13101 1 00000000b1c941fd 20 4 27 10 -1
   2: 0000000000000000FFFF000002001EAC:65C5 0000000000000000FFFF0000A507A8C0:9E5A 06 00000000:00000000 03:000005AB 00000000     0        0 0 3 0000000041b34d54
   3: 0000000000000000FFFF000002001EAC:65C5 0000000000000000FFFF0000A507A8C0:CEDC 01 00000000:00000000 00:00000000 00000000  1000        0 13096 1 00000000743e96e9 20 4 27 10 -1
   4: 0000000000000000FFFF000002001EAC:65C5 0000000000000000FFFF0000A507A8C0:CED8 01 00000000:00000000 00:00000000 00000000  1000        0 15410 1 000000008fe60dc2 20 4 15 10 -1
   5: 0000000000000000FFFF000002001EAC:65C5 0000000000000000FFFF0000A507A8C0:CEF6 01 00000000:00000000 00:00000000 00000000  1000        0 13099 1 00000000433b4f3b 20 4 27 10 -1
   6: 0000000000000000FFFF000002001EAC:65C5 0000000000000000FFFF0000A507A8C0:C780 01 00000000:00000000 00:00000000 00000000  1000        0 12109 1 000000008e905da2 20 4 15 10 -1
   7: 0000000000000000FFFF000002001EAC:65C5 0000000000000000FFFF0000A507A8C0:CEEE 01 00000000:00000000 00:00000000 00000000  1000        0 13098 1 0000000023e9a942 20 4 27 10 -1
   8: 0000000000000000FFFF000002001EAC:65C5 0000000000000000FFFF0000A507A8C0:8836 06 00000000:00000000 03:00001128 00000000     0        0 0 3 0000000085de9e7c
   9: 0000000000000000FFFF000002001EAC:65C5 0000000000000000FFFF0000A507A8C0:CEE0 01 00000000:00000000 00:00000000 00000000  1000        0 13097 1 00000000d3b2ceff 20 4 27 10 -1
  10: 0000000000000000FFFF000002001EAC:65C5 0000000000000000FFFF0000A507A8C0:CF04 01 00000000:00000000 00:00000000 00000000  1000        0 13100 1 000000000f5e09cb 20 4 27 10 -1
timestamp 2025-09-10T04:51:19+00:00
  sl  local_address rem_address   st tx_queue rx_queue tr tm->when retrnsmt   uid  timeout inode                                                     
   0: 00000000:0947 00000000:0000 0A 00000000:00000000 00:00000000 00000000     0        0 3374 1 00000000c02401b0 100 0 0 10 0                      
   1: 00000000:6784 00000000:0000 0A 00000000:00000000 00:00000000 00000000     0        0 2805 1 000000008185227b 100 0 0 10 0                      
   2: 02001EAC:AA2E 7D121268:01BB 01 00000000:00000000 00:00000000 00000000  1000        0 8218 1 000000000a778bf5 21 4 26 10 -1                     
   3: 02001EAC:855C 51990634:01BB 01 00000000:00000000 00:00000000 00000000  1000        0 5641 1 00000000e6ce5bc1 26 4 31 10 -1                     
   4: 02001EAC:6784 A507A8C0:910E 01 00000000:00000000 00:00000000 00000000     0        0 3750 1 00000000208bd012 20 4 26 10 -1                     
   5: 02001EAC:90B4 778A3634:01BB 01 00000000:00000000 02:0000001A 00000000  1000        0 5070 2 0000000042f12e22 27 4 31 10 -1                     
   6: 02001EAC:0947 A507A8C0:A960 01 00000000:00000000 00:00000000 00000000     0        0 1944 1 00000000e24cad1a 20 4 31 10 -1                     
   7: 02001EAC:D9A2 6F3CE122:01BB 01 00000000:00000000 02:00000DB2 00000000  1000        0 6460 2 000000008e87f52f 26 4 23 10 -1                     
  sl  local_address                         remote_address                        st tx_queue rx_queue tr tm->when retrnsmt   uid  timeout inode
   0: 00000000000000000000000000000000:65C5 00000000000000000000000000000000:0000 0A 00000000:00000000 00:00000000 00000000  1000        0 4755 1 00000000e354c165 100 0 0 10 0
   1: 0000000000000000FFFF000002001EAC:65C5 0000000000000000FFFF0000A507A8C0:CF12 06 00000000:00000000 03:000016BF 00000000     0        0 0 3 00000000ef3648d0
   2: 0000000000000000FFFF000002001EAC:65C5 0000000000000000FFFF0000A507A8C0:9E5A 06 00000000:00000000 03:000004D7 00000000     0        0 0 3 0000000041b34d54
   3: 0000000000000000FFFF000002001EAC:65C5 0000000000000000FFFF0000A507A8C0:CEDC 06 00000000:00000000 03:000016BF 00000000     0        0 0 3 000000001405b443
   4: 0000000000000000FFFF000002001EAC:65C5 0000000000000000FFFF0000A507A8C0:CED8 01 00000000:00000000 00:00000000 00000000  1000        0 15410 2 000000008fe60dc2 20 4 15 15 -1
   5: 0000000000000000FFFF000002001EAC:65C5 0000000000000000FFFF0000A507A8C0:CEF6 06 00000000:00000000 03:000016BF 00000000     0        0 0 3 000000009d5272cd
   6: 0000000000000000FFFF000002001EAC:65C5 0000000000000000FFFF0000A507A8C0:C780 06 00000000:00000000 03:000016D0 00000000     0        0 0 3 000000009cb34486
   7: 0000000000000000FFFF000002001EAC:65C5 0000000000000000FFFF0000A507A8C0:CEEE 06 00000000:00000000 03:000016BF 00000000     0        0 0 3 000000004005b3a8
   8: 0000000000000000FFFF000002001EAC:65C5 0000000000000000FFFF0000A507A8C0:8836 06 00000000:00000000 03:00001054 00000000     0        0 0 3 0000000085de9e7c
   9: 0000000000000000FFFF000002001EAC:65C5 0000000000000000FFFF0000A507A8C0:CEE0 06 00000000:00000000 03:000016C2 00000000     0        0 0 3 00000000ca8d32b3
  10: 0000000000000000FFFF000002001EAC:65C5 0000000000000000FFFF0000A507A8C0:CF04 06 00000000:00000000 03:000016BF 00000000     0        0 0 3 00000000ddc9f476
timestamp 2025-09-10T04:51:21+00:00
  sl  local_address rem_address   st tx_queue rx_queue tr tm->when retrnsmt   uid  timeout inode                                                     
   0: 00000000:0947 00000000:0000 0A 00000000:00000000 00:00000000 00000000     0        0 3374 1 00000000c02401b0 100 0 0 10 0                      
   1: 00000000:6784 00000000:0000 0A 00000000:00000000 00:00000000 00000000     0        0 2805 1 000000008185227b 100 0 0 10 0                      
   2: 02001EAC:AA2E 7D121268:01BB 01 00000000:00000000 00:00000000 00000000  1000        0 8218 1 000000000a778bf5 21 4 28 10 -1                     
   3: 02001EAC:855C 51990634:01BB 01 00000000:00000000 00:00000000 00000000  1000        0 5641 1 00000000e6ce5bc1 26 4 31 10 -1                     
   4: 02001EAC:6784 A507A8C0:910E 01 00000000:00000000 00:00000000 00000000     0        0 3750 1 00000000208bd012 20 4 26 10 -1                     
   5: 02001EAC:90B4 778A3634:01BB 01 00000000:00000000 02:000010E1 00000000  1000        0 5070 2 0000000042f12e22 27 4 31 10 -1                     
   6: 02001EAC:0947 A507A8C0:A960 01 00000000:00000000 00:00000000 00000000     0        0 1944 1 00000000e24cad1a 20 4 31 10 -1                     
   7: 02001EAC:D9A2 6F3CE122:01BB 01 00000000:00000000 02:00000CDE 00000000  1000        0 6460 2 000000008e87f52f 26 4 23 10 -1                     
  sl  local_address                         remote_address                        st tx_queue rx_queue tr tm->when retrnsmt   uid  timeout inode
   0: 00000000000000000000000000000000:65C5 00000000000000000000000000000000:0000 0A 00000000:00000000 00:00000000 00000000  1000        0 4755 1 00000000e354c165 100 0 0 10 0
   1: 0000000000000000FFFF000002001EAC:65C5 0000000000000000FFFF0000A507A8C0:CF12 06 00000000:00000000 03:000015EB 00000000     0        0 0 3 00000000ef3648d0
   2: 0000000000000000FFFF000002001EAC:65C5 0000000000000000FFFF0000A507A8C0:9E5A 06 00000000:00000000 03:00000403 00000000     0        0 0 3 0000000041b34d54
   3: 0000000000000000FFFF000002001EAC:65C5 0000000000000000FFFF0000A507A8C0:CEDC 06 00000000:00000000 03:000015EB 00000000     0        0 0 3 000000001405b443
   4: 0000000000000000FFFF000002001EAC:65C5 0000000000000000FFFF0000A507A8C0:CED8 01 00000000:00000000 00:00000000 00000000  1000        0 15410 1 000000008fe60dc2 20 4 15 15 -1
   5: 0000000000000000FFFF000002001EAC:65C5 0000000000000000FFFF0000A507A8C0:CEF6 06 00000000:00000000 03:000015EB 00000000     0        0 0 3 000000009d5272cd
   6: 0000000000000000FFFF000002001EAC:65C5 0000000000000000FFFF0000A507A8C0:C780 06 00000000:00000000 03:000015FC 00000000     0        0 0 3 000000009cb34486
   7: 0000000000000000FFFF000002001EAC:65C5 0000000000000000FFFF0000A507A8C0:CEEE 06 00000000:00000000 03:000015EB 00000000     0        0 0 3 000000004005b3a8
   8: 0000000000000000FFFF000002001EAC:65C5 0000000000000000FFFF0000A507A8C0:8836 06 00000000:00000000 03:00000F80 00000000     0        0 0 3 0000000085de9e7c
   9: 0000000000000000FFFF000002001EAC:65C5 0000000000000000FFFF0000A507A8C0:CEE0 06 00000000:00000000 03:000015EE 00000000     0        0 0 3 00000000ca8d32b3
  10: 0000000000000000FFFF000002001EAC:65C5 0000000000000000FFFF0000A507A8C0:CF04 06 00000000:00000000 03:000015EB 00000000     0        0 0 3 00000000ddc9f476
timestamp 2025-09-10T04:51:23+00:00
  sl  local_address rem_address   st tx_queue rx_queue tr tm->when retrnsmt   uid  timeout inode                                                     
   0: 00000000:0947 00000000:0000 0A 00000000:00000000 00:00000000 00000000     0        0 3374 1 00000000c02401b0 100 0 0 10 0                      
   1: 00000000:6784 00000000:0000 0A 00000000:00000000 00:00000000 00000000     0        0 2805 1 000000008185227b 100 0 0 10 0                      
   2: 02001EAC:AA2E 7D121268:01BB 01 00000000:00000000 00:00000000 00000000  1000        0 8218 1 000000000a778bf5 21 4 26 10 -1                     
   3: 02001EAC:855C 51990634:01BB 01 00000000:00000000 00:00000000 00000000  1000        0 5641 1 00000000e6ce5bc1 26 4 31 10 -1                     
   4: 02001EAC:6784 A507A8C0:910E 01 00000000:00000000 00:00000000 00000000     0        0 3750 1 00000000208bd012 20 4 26 10 -1                     
   5: 02001EAC:90B4 778A3634:01BB 01 00000000:00000000 02:0000100D 00000000  1000        0 5070 2 0000000042f12e22 27 4 31 10 -1                     
   6: 02001EAC:0947 A507A8C0:A960 01 00000000:00000000 00:00000000 00000000     0        0 1944 1 00000000e24cad1a 20 4 31 10 -1                     
   7: 02001EAC:D9A2 6F3CE122:01BB 01 00000000:00000000 02:00000C0A 00000000  1000        0 6460 2 000000008e87f52f 26 4 23 10 -1                     
  sl  local_address                         remote_address                        st tx_queue rx_queue tr tm->when retrnsmt   uid  timeout inode
   0: 00000000000000000000000000000000:65C5 00000000000000000000000000000000:0000 0A 00000000:00000000 00:00000000 00000000  1000        0 4755 1 00000000e354c165 100 0 0 10 0
   1: 0000000000000000FFFF000002001EAC:65C5 0000000000000000FFFF0000A507A8C0:CF12 06 00000000:00000000 03:00001517 00000000     0        0 0 3 00000000ef3648d0
   2: 0000000000000000FFFF000002001EAC:65C5 0000000000000000FFFF0000A507A8C0:9E5A 06 00000000:00000000 03:0000032F 00000000     0        0 0 3 0000000041b34d54
   3: 0000000000000000FFFF000002001EAC:65C5 0000000000000000FFFF0000A507A8C0:CEDC 06 00000000:00000000 03:00001517 00000000     0        0 0 3 000000001405b443
   4: 0000000000000000FFFF000002001EAC:65C5 0000000000000000FFFF0000A507A8C0:CED8 01 00000000:00000000 00:00000000 00000000  1000        0 15410 1 000000008fe60dc2 20 4 27 10 -1
   5: 0000000000000000FFFF000002001EAC:65C5 0000000000000000FFFF0000A507A8C0:CEF6 06 00000000:00000000 03:00001517 00000000     0        0 0 3 000000009d5272cd
   6: 0000000000000000FFFF000002001EAC:65C5 0000000000000000FFFF0000A507A8C0:C780 06 00000000:00000000 03:00001528 00000000     0        0 0 3 000000009cb34486
   7: 0000000000000000FFFF000002001EAC:65C5 0000000000000000FFFF0000A507A8C0:CEEE 06 00000000:00000000 03:00001517 00000000     0        0 0 3 000000004005b3a8
   8: 0000000000000000FFFF000002001EAC:65C5 0000000000000000FFFF0000A507A8C0:8836 06 00000000:00000000 03:00000EAC 00000000     0        0 0 3 0000000085de9e7c
   9: 0000000000000000FFFF000002001EAC:65C5 0000000000000000FFFF0000A507A8C0:CEE0 06 00000000:00000000 03:0000151A 00000000     0        0 0 3 00000000ca8d32b3
  10: 0000000000000000FFFF000002001EAC:65C5 0000000000000000FFFF0000A507A8C0:CF04 06 00000000:00000000 03:00001517 00000000     0        0 0 3 00000000ddc9f476
timestamp 2025-09-10T04:51:25+00:00
  sl  local_address rem_address   st tx_queue rx_queue tr tm->when retrnsmt   uid  timeout inode                                                     
   0: 00000000:0947 00000000:0000 0A 00000000:00000000 00:00000000 00000000     0        0 3374 1 00000000c02401b0 100 0 0 10 0                      
   1: 00000000:6784 00000000:0000 0A 00000000:00000000 00:00000000 00000000     0        0 2805 1 000000008185227b 100 0 0 10 0                      
   2: 02001EAC:AA2E 7D121268:01BB 01 00000000:00000000 00:00000000 00000000  1000        0 8218 1 000000000a778bf5 21 4 26 10 -1                     
   3: 02001EAC:855C 51990634:01BB 01 00000000:00000000 00:00000000 00000000  1000        0 5641 1 00000000e6ce5bc1 26 4 31 10 -1                     
   4: 02001EAC:6784 A507A8C0:910E 01 00000000:00000000 00:00000000 00000000     0        0 3750 1 00000000208bd012 20 4 26 10 -1                     
   5: 02001EAC:90B4 778A3634:01BB 01 00000000:00000000 02:00000F39 00000000  1000        0 5070 2 0000000042f12e22 27 4 31 10 -1                     
   6: 02001EAC:0947 A507A8C0:A960 01 00000000:00000000 00:00000000 00000000     0        0 1944 1 00000000e24cad1a 20 4 31 10 -1                     
   7: 02001EAC:D9A2 6F3CE122:01BB 01 00000000:00000000 02:00000B36 00000000  1000        0 6460 2 000000008e87f52f 26 4 23 10 -1                     
  sl  local_address                         remote_address                        st tx_queue rx_queue tr tm->when retrnsmt   uid  timeout inode
   0: 00000000000000000000000000000000:65C5 00000000000000000000000000000000:0000 0A 00000000:00000000 00:00000000 00000000  1000        0 4755 1 00000000e354c165 100 0 0 10 0
   1: 0000000000000000FFFF000002001EAC:65C5 0000000000000000FFFF0000A507A8C0:CF12 06 00000000:00000000 03:00001443 00000000     0        0 0 3 00000000ef3648d0
   2: 0000000000000000FFFF000002001EAC:65C5 0000000000000000FFFF0000A507A8C0:9E5A 06 00000000:00000000 03:0000025B 00000000     0        0 0 3 0000000041b34d54
   3: 0000000000000000FFFF000002001EAC:65C5 0000000000000000FFFF0000A507A8C0:CEDC 06 00000000:00000000 03:00001443 00000000     0        0 0 3 000000001405b443
   4: 0000000000000000FFFF000002001EAC:65C5 0000000000000000FFFF0000A507A8C0:CED8 01 00000000:00000000 00:00000000 00000000  1000        0 15410 1 000000008fe60dc2 20 4 27 10 -1
   5: 0000000000000000FFFF000002001EAC:65C5 0000000000000000FFFF0000A507A8C0:CEF6 06 00000000:00000000 03:00001443 00000000     0        0 0 3 000000009d5272cd
   6: 0000000000000000FFFF000002001EAC:65C5 0000000000000000FFFF0000A507A8C0:C780 06 00000000:00000000 03:00001454 00000000     0        0 0 3 000000009cb34486
   7: 0000000000000000FFFF000002001EAC:65C5 0000000000000000FFFF0000A507A8C0:CEEE 06 00000000:00000000 03:00001443 00000000     0        0 0 3 000000004005b3a8
   8: 0000000000000000FFFF000002001EAC:65C5 0000000000000000FFFF0000A507A8C0:8836 06 00000000:00000000 03:00000DD8 00000000     0        0 0 3 0000000085de9e7c
   9: 0000000000000000FFFF000002001EAC:65C5 0000000000000000FFFF0000A507A8C0:CEE0 06 00000000:00000000 03:00001446 00000000     0        0 0 3 00000000ca8d32b3
  10: 0000000000000000FFFF000002001EAC:65C5 0000000000000000FFFF0000A507A8C0:CF04 06 00000000:00000000 03:00001443 00000000     0        0 0 3 00000000ddc9f476
timestamp 2025-09-10T04:51:28+00:00
  sl  local_address rem_address   st tx_queue rx_queue tr tm->when retrnsmt   uid  timeout inode                                                     
   0: 00000000:0947 00000000:0000 0A 00000000:00000000 00:00000000 00000000     0        0 3374 1 00000000c02401b0 100 0 0 10 0                      
   1: 00000000:6784 00000000:0000 0A 00000000:00000000 00:00000000 00000000     0        0 2805 1 000000008185227b 100 0 0 10 0                      
   2: 02001EAC:AA2E 7D121268:01BB 01 00000000:00000000 00:00000000 00000000  1000        0 8218 1 000000000a778bf5 20 4 30 10 -1                     
   3: 02001EAC:855C 51990634:01BB 01 00000000:00000000 00:00000000 00000000  1000        0 5641 1 00000000e6ce5bc1 26 4 31 10 -1                     
   4: 02001EAC:6784 A507A8C0:910E 01 00000000:00000000 00:00000000 00000000     0        0 3750 1 00000000208bd012 20 4 26 10 -1                     
   5: 02001EAC:90B4 778A3634:01BB 01 00000000:00000000 02:00000E65 00000000  1000        0 5070 2 0000000042f12e22 27 4 31 10 -1                     
   6: 02001EAC:0947 A507A8C0:A960 01 00000000:00000000 00:00000000 00000000     0        0 1944 1 00000000e24cad1a 20 4 31 10 -1                     
   7: 02001EAC:D9A2 6F3CE122:01BB 01 00000000:00000000 02:00000A63 00000000  1000        0 6460 2 000000008e87f52f 26 4 23 10 -1                     
  sl  local_address                         remote_address                        st tx_queue rx_queue tr tm->when retrnsmt   uid  timeout inode
   0: 00000000000000000000000000000000:65C5 00000000000000000000000000000000:0000 0A 00000000:00000000 00:00000000 00000000  1000        0 4755 1 00000000e354c165 100 0 0 10 0
   1: 0000000000000000FFFF000002001EAC:65C5 0000000000000000FFFF0000A507A8C0:CF12 06 00000000:00000000 03:0000136F 00000000     0        0 0 3 00000000ef3648d0
   2: 0000000000000000FFFF000002001EAC:65C5 0000000000000000FFFF0000A507A8C0:9E5A 06 00000000:00000000 03:00000188 00000000     0        0 0 3 0000000041b34d54
   3: 0000000000000000FFFF000002001EAC:65C5 0000000000000000FFFF0000A507A8C0:CEDC 06 00000000:00000000 03:0000136F 00000000     0        0 0 3 000000001405b443
   4: 0000000000000000FFFF000002001EAC:65C5 0000000000000000FFFF0000A507A8C0:CED8 01 00000000:00000000 00:00000000 00000000  1000        0 15410 2 000000008fe60dc2 20 4 27 10 -1
   5: 0000000000000000FFFF000002001EAC:65C5 0000000000000000FFFF0000A507A8C0:CEF6 06 00000000:00000000 03:0000136F 00000000     0        0 0 3 000000009d5272cd
   6: 0000000000000000FFFF000002001EAC:65C5 0000000000000000FFFF0000A507A8C0:C780 06 00000000:00000000 03:00001381 00000000     0        0 0 3 000000009cb34486
   7: 0000000000000000FFFF000002001EAC:65C5 0000000000000000FFFF0000A507A8C0:CEEE 06 00000000:00000000 03:0000136F 00000000     0        0 0 3 000000004005b3a8
   8: 0000000000000000FFFF000002001EAC:65C5 0000000000000000FFFF0000A507A8C0:8836 06 00000000:00000000 03:00000D04 00000000     0        0 0 3 0000000085de9e7c
   9: 0000000000000000FFFF000002001EAC:65C5 0000000000000000FFFF0000A507A8C0:CEE0 06 00000000:00000000 03:00001372 00000000     0        0 0 3 00000000ca8d32b3
  10: 0000000000000000FFFF000002001EAC:65C5 0000000000000000FFFF0000A507A8C0:CF04 06 00000000:00000000 03:0000136F 00000000     0        0 0 3 00000000ddc9f476
timestamp 2025-09-10T04:51:30+00:00
  sl  local_address rem_address   st tx_queue rx_queue tr tm->when retrnsmt   uid  timeout inode                                                     
   0: 00000000:0947 00000000:0000 0A 00000000:00000000 00:00000000 00000000     0        0 3374 1 00000000c02401b0 100 0 0 10 0                      
   1: 00000000:6784 00000000:0000 0A 00000000:00000000 00:00000000 00000000     0        0 2805 1 000000008185227b 100 0 0 10 0                      
   2: 02001EAC:AA2E 7D121268:01BB 01 00000000:00000000 00:00000000 00000000  1000        0 8218 1 000000000a778bf5 20 4 30 10 -1                     
   3: 02001EAC:855C 51990634:01BB 01 00000000:00000000 00:00000000 00000000  1000        0 5641 1 00000000e6ce5bc1 26 4 31 10 -1                     
   4: 02001EAC:6784 A507A8C0:910E 01 00000000:00000000 00:00000000 00000000     0        0 3750 1 00000000208bd012 20 4 26 10 -1                     
   5: 02001EAC:90B4 778A3634:01BB 01 00000000:00000000 02:00000D92 00000000  1000        0 5070 2 0000000042f12e22 27 4 31 10 -1                     
   6: 02001EAC:0947 A507A8C0:A960 01 00000000:00000000 00:00000000 00000000     0        0 1944 1 00000000e24cad1a 20 4 31 10 -1                     
   7: 02001EAC:D9A2 6F3CE122:01BB 01 00000000:00000000 02:0000098F 00000000  1000        0 6460 2 000000008e87f52f 26 4 23 10 -1                     
  sl  local_address                         remote_address                        st tx_queue rx_queue tr tm->when retrnsmt   uid  timeout inode
   0: 00000000000000000000000000000000:65C5 00000000000000000000000000000000:0000 0A 00000000:00000000 00:00000000 00000000  1000        0 4755 1 00000000e354c165 100 0 0 10 0
   1: 0000000000000000FFFF000002001EAC:65C5 0000000000000000FFFF0000A507A8C0:CF12 06 00000000:00000000 03:0000129C 00000000     0        0 0 3 00000000ef3648d0
   2: 0000000000000000FFFF000002001EAC:65C5 0000000000000000FFFF0000A507A8C0:9E5A 06 00000000:00000000 03:000000B4 00000000     0        0 0 3 0000000041b34d54
   3: 0000000000000000FFFF000002001EAC:65C5 0000000000000000FFFF0000A507A8C0:CEDC 06 00000000:00000000 03:0000129C 00000000     0        0 0 3 000000001405b443
   4: 0000000000000000FFFF000002001EAC:65C5 0000000000000000FFFF0000A507A8C0:CED8 01 00000000:00000000 00:00000000 00000000  1000        0 15410 1 000000008fe60dc2 20 4 27 10 -1
   5: 0000000000000000FFFF000002001EAC:65C5 0000000000000000FFFF0000A507A8C0:CEF6 06 00000000:00000000 03:0000129C 00000000     0        0 0 3 000000009d5272cd
   6: 0000000000000000FFFF000002001EAC:65C5 0000000000000000FFFF0000A507A8C0:C780 06 00000000:00000000 03:000012AD 00000000     0        0 0 3 000000009cb34486
   7: 0000000000000000FFFF000002001EAC:65C5 0000000000000000FFFF0000A507A8C0:CEEE 06 00000000:00000000 03:0000129C 00000000     0        0 0 3 000000004005b3a8
   8: 0000000000000000FFFF000002001EAC:65C5 0000000000000000FFFF0000A507A8C0:8836 06 00000000:00000000 03:00000C30 00000000     0        0 0 3 0000000085de9e7c
   9: 0000000000000000FFFF000002001EAC:65C5 0000000000000000FFFF0000A507A8C0:CEE0 06 00000000:00000000 03:0000129E 00000000     0        0 0 3 00000000ca8d32b3
  10: 0000000000000000FFFF000002001EAC:65C5 0000000000000000FFFF0000A507A8C0:CF04 06 00000000:00000000 03:0000129C 00000000     0        0 0 3 00000000ddc9f476
timestamp 2025-09-10T04:51:32+00:00
  sl  local_address rem_address   st tx_queue rx_queue tr tm->when retrnsmt   uid  timeout inode                                                     
   0: 00000000:0947 00000000:0000 0A 00000000:00000000 00:00000000 00000000     0        0 3374 1 00000000c02401b0 100 0 0 10 0                      
   1: 00000000:6784 00000000:0000 0A 00000000:00000000 00:00000000 00000000     0        0 2805 1 000000008185227b 100 0 0 10 0                      
   2: 02001EAC:AA2E 7D121268:01BB 01 00000000:00000000 00:00000000 00000000  1000        0 8218 1 000000000a778bf5 20 4 26 10 -1                     
   3: 02001EAC:855C 51990634:01BB 01 00000000:00000000 00:00000000 00000000  1000        0 5641 1 00000000e6ce5bc1 26 4 31 10 -1                     
   4: 02001EAC:6784 A507A8C0:910E 01 00000000:00000000 00:00000000 00000000     0        0 3750 1 00000000208bd012 20 4 26 10 -1                     
   5: 02001EAC:90B4 778A3634:01BB 01 00000000:00000000 02:00000CBE 00000000  1000        0 5070 2 0000000042f12e22 27 4 31 10 -1                     
   6: 02001EAC:0947 A507A8C0:A960 01 00000000:00000000 00:00000000 00000000     0        0 1944 1 00000000e24cad1a 20 4 31 10 -1                     
   7: 02001EAC:D9A2 6F3CE122:01BB 01 00000000:00000000 02:000008BB 00000000  1000        0 6460 2 000000008e87f52f 26 4 23 10 -1                     
  sl  local_address                         remote_address                        st tx_queue rx_queue tr tm->when retrnsmt   uid  timeout inode
   0: 00000000000000000000000000000000:65C5 00000000000000000000000000000000:0000 0A 00000000:00000000 00:00000000 00000000  1000        0 4755 1 00000000e354c165 100 0 0 10 0
   1: 0000000000000000FFFF000002001EAC:65C5 0000000000000000FFFF0000A507A8C0:CF12 06 00000000:00000000 03:000011C8 00000000     0        0 0 3 00000000ef3648d0
   2: 0000000000000000FFFF000002001EAC:65C5 0000000000000000FFFF0000A507A8C0:CEDC 06 00000000:00000000 03:000011C8 00000000     0        0 0 3 000000001405b443
   3: 0000000000000000FFFF000002001EAC:65C5 0000000000000000FFFF0000A507A8C0:CED8 01 00000000:00000000 00:00000000 00000000  1000        0 15410 1 000000008fe60dc2 20 4 21 15 -1
   4: 0000000000000000FFFF000002001EAC:65C5 0000000000000000FFFF0000A507A8C0:CEF6 06 00000000:00000000 03:000011C8 00000000     0        0 0 3 000000009d5272cd
   5: 0000000000000000FFFF000002001EAC:65C5 0000000000000000FFFF0000A507A8C0:C780 06 00000000:00000000 03:000011D9 00000000     0        0 0 3 000000009cb34486
   6: 0000000000000000FFFF000002001EAC:65C5 0000000000000000FFFF0000A507A8C0:CEEE 06 00000000:00000000 03:000011C8 00000000     0        0 0 3 000000004005b3a8
   7: 0000000000000000FFFF000002001EAC:65C5 0000000000000000FFFF0000A507A8C0:8836 06 00000000:00000000 03:00000B5C 00000000     0        0 0 3 0000000085de9e7c
   8: 0000000000000000FFFF000002001EAC:65C5 0000000000000000FFFF0000A507A8C0:CEE0 06 00000000:00000000 03:000011CA 00000000     0        0 0 3 00000000ca8d32b3
   9: 0000000000000000FFFF000002001EAC:65C5 0000000000000000FFFF0000A507A8C0:CF04 06 00000000:00000000 03:000011C8 00000000     0        0 0 3 00000000ddc9f476
timestamp 2025-09-10T04:51:34+00:00
  sl  local_address rem_address   st tx_queue rx_queue tr tm->when retrnsmt   uid  timeout inode                                                     
   0: 00000000:0947 00000000:0000 0A 00000000:00000000 00:00000000 00000000     0        0 3374 1 00000000c02401b0 100 0 0 10 0                      
   1: 00000000:6784 00000000:0000 0A 00000000:00000000 00:00000000 00000000     0        0 2805 1 000000008185227b 100 0 0 10 0                      
   2: 02001EAC:AA2E 7D121268:01BB 01 00000000:00000000 00:00000000 00000000  1000        0 8218 1 000000000a778bf5 20 4 26 10 -1                     
   3: 02001EAC:855C 51990634:01BB 01 00000000:00000000 00:00000000 00000000  1000        0 5641 1 00000000e6ce5bc1 26 4 31 10 -1                     
   4: 02001EAC:6784 A507A8C0:910E 01 00000000:00000000 00:00000000 00000000     0        0 3750 1 00000000208bd012 20 4 26 10 -1                     
   5: 02001EAC:90B4 778A3634:01BB 01 00000000:00000000 02:00000BEA 00000000  1000        0 5070 2 0000000042f12e22 27 4 31 10 -1                     
   6: 02001EAC:0947 A507A8C0:A960 01 00000000:00000000 00:00000000 00000000     0        0 1944 1 00000000e24cad1a 20 4 31 10 -1                     
   7: 02001EAC:D9A2 6F3CE122:01BB 01 00000000:00000000 02:000007E8 00000000  1000        0 6460 2 000000008e87f52f 26 4 23 10 -1                     
  sl  local_address                         remote_address                        st tx_queue rx_queue tr tm->when retrnsmt   uid  timeout inode
   0: 00000000000000000000000000000000:65C5 00000000000000000000000000000000:0000 0A 00000000:00000000 00:00000000 00000000  1000        0 4755 1 00000000e354c165 100 0 0 10 0
   1: 0000000000000000FFFF000002001EAC:65C5 0000000000000000FFFF0000A507A8C0:CF12 06 00000000:00000000 03:000010F4 00000000     0        0 0 3 00000000ef3648d0
   2: 0000000000000000FFFF000002001EAC:65C5 0000000000000000FFFF0000A507A8C0:CEDC 06 00000000:00000000 03:000010F4 00000000     0        0 0 3 000000001405b443
   3: 0000000000000000FFFF000002001EAC:65C5 0000000000000000FFFF0000A507A8C0:CED8 01 00000000:00000000 00:00000000 00000000  1000        0 15410 1 000000008fe60dc2 20 4 27 10 -1
   4: 0000000000000000FFFF000002001EAC:65C5 0000000000000000FFFF0000A507A8C0:CEF6 06 00000000:00000000 03:000010F4 00000000     0        0 0 3 000000009d5272cd
   5: 0000000000000000FFFF000002001EAC:65C5 0000000000000000FFFF0000A507A8C0:C780 06 00000000:00000000 03:00001106 00000000     0        0 0 3 000000009cb34486
   6: 0000000000000000FFFF000002001EAC:65C5 0000000000000000FFFF0000A507A8C0:CEEE 06 00000000:00000000 03:000010F4 00000000     0        0 0 3 000000004005b3a8
   7: 0000000000000000FFFF000002001EAC:65C5 0000000000000000FFFF0000A507A8C0:8836 06 00000000:00000000 03:00000A89 00000000     0        0 0 3 0000000085de9e7c
   8: 0000000000000000FFFF000002001EAC:65C5 0000000000000000FFFF0000A507A8C0:CEE0 06 00000000:00000000 03:000010F7 00000000     0        0 0 3 00000000ca8d32b3
   9: 0000000000000000FFFF000002001EAC:65C5 0000000000000000FFFF0000A507A8C0:CF04 06 00000000:00000000 03:000010F4 00000000     0        0 0 3 00000000ddc9f476
timestamp 2025-09-10T04:51:36+00:00
  sl  local_address rem_address   st tx_queue rx_queue tr tm->when retrnsmt   uid  timeout inode                                                     
   0: 00000000:0947 00000000:0000 0A 00000000:00000000 00:00000000 00000000     0        0 3374 1 00000000c02401b0 100 0 0 10 0                      
   1: 00000000:6784 00000000:0000 0A 00000000:00000000 00:00000000 00000000     0        0 2805 1 000000008185227b 100 0 0 10 0                      
   2: 02001EAC:AA2E 7D121268:01BB 01 00000000:00000000 00:00000000 00000000  1000        0 8218 1 000000000a778bf5 20 4 26 10 -1                     
   3: 02001EAC:855C 51990634:01BB 01 00000000:00000000 00:00000000 00000000  1000        0 5641 1 00000000e6ce5bc1 26 4 31 10 -1                     
   4: 02001EAC:6784 A507A8C0:910E 01 00000000:00000000 00:00000000 00000000     0        0 3750 1 00000000208bd012 20 4 26 10 -1                     
   5: 02001EAC:90B4 778A3634:01BB 01 00000000:00000000 02:00000B16 00000000  1000        0 5070 2 0000000042f12e22 27 4 31 10 -1                     
   6: 02001EAC:0947 A507A8C0:A960 01 00000000:00000000 00:00000000 00000000     0        0 1944 1 00000000e24cad1a 20 4 31 10 -1                     
   7: 02001EAC:D9A2 6F3CE122:01BB 01 00000000:00000000 02:00000714 00000000  1000        0 6460 2 000000008e87f52f 26 4 23 10 -1                     
  sl  local_address                         remote_address                        st tx_queue rx_queue tr tm->when retrnsmt   uid  timeout inode
   0: 00000000000000000000000000000000:65C5 00000000000000000000000000000000:0000 0A 00000000:00000000 00:00000000 00000000  1000        0 4755 1 00000000e354c165 100 0 0 10 0
   1: 0000000000000000FFFF000002001EAC:65C5 0000000000000000FFFF0000A507A8C0:CF12 06 00000000:00000000 03:00001020 00000000     0        0 0 3 00000000ef3648d0
   2: 0000000000000000FFFF000002001EAC:65C5 0000000000000000FFFF0000A507A8C0:CEDC 06 00000000:00000000 03:00001020 00000000     0        0 0 3 000000001405b443
   3: 0000000000000000FFFF000002001EAC:65C5 0000000000000000FFFF0000A507A8C0:CED8 01 00000000:00000000 00:00000000 00000000  1000        0 15410 1 000000008fe60dc2 20 4 27 10 -1
   4: 0000000000000000FFFF000002001EAC:65C5 0000000000000000FFFF0000A507A8C0:CEF6 06 00000000:00000000 03:00001020 00000000     0        0 0 3 000000009d5272cd
   5: 0000000000000000FFFF000002001EAC:65C5 0000000000000000FFFF0000A507A8C0:C780 06 00000000:00000000 03:00001032 00000000     0        0 0 3 000000009cb34486
   6: 0000000000000000FFFF000002001EAC:65C5 0000000000000000FFFF0000A507A8C0:CEEE 06 00000000:00000000 03:00001020 00000000     0        0 0 3 000000004005b3a8
   7: 0000000000000000FFFF000002001EAC:65C5 0000000000000000FFFF0000A507A8C0:8836 06 00000000:00000000 03:000009B5 00000000     0        0 0 3 0000000085de9e7c
   8: 0000000000000000FFFF000002001EAC:65C5 0000000000000000FFFF0000A507A8C0:CEE0 06 00000000:00000000 03:00001023 00000000     0        0 0 3 00000000ca8d32b3
   9: 0000000000000000FFFF000002001EAC:65C5 0000000000000000FFFF0000A507A8C0:CF04 06 00000000:00000000 03:00001020 00000000     0        0 0 3 00000000ddc9f476
timestamp 2025-09-10T04:51:38+00:00
  sl  local_address rem_address   st tx_queue rx_queue tr tm->when retrnsmt   uid  timeout inode                                                     
   0: 00000000:0947 00000000:0000 0A 00000000:00000000 00:00000000 00000000     0        0 3374 1 00000000c02401b0 100 0 0 10 0                      
   1: 00000000:6784 00000000:0000 0A 00000000:00000000 00:00000000 00000000     0        0 2805 1 000000008185227b 100 0 0 10 0                      
   2: 02001EAC:AA2E 7D121268:01BB 01 00000000:00000000 00:00000000 00000000  1000        0 8218 1 000000000a778bf5 20 4 26 10 -1                     
   3: 02001EAC:855C 51990634:01BB 01 00000000:00000000 00:00000000 00000000  1000        0 5641 1 00000000e6ce5bc1 26 4 31 10 -1                     
   4: 02001EAC:6784 A507A8C0:910E 01 00000000:00000000 00:00000000 00000000     0        0 3750 1 00000000208bd012 20 4 26 10 -1                     
   5: 02001EAC:90B4 778A3634:01BB 01 00000000:00000000 02:00000A42 00000000  1000        0 5070 2 0000000042f12e22 27 4 31 10 -1                     
   6: 02001EAC:0947 A507A8C0:A960 01 00000000:00000000 00:00000000 00000000     0        0 1944 1 00000000e24cad1a 20 4 31 10 -1                     
   7: 02001EAC:D9A2 6F3CE122:01BB 01 00000000:00000000 02:00000640 00000000  1000        0 6460 2 000000008e87f52f 26 4 23 10 -1                     
  sl  local_address                         remote_address                        st tx_queue rx_queue tr tm->when retrnsmt   uid  timeout inode
   0: 00000000000000000000000000000000:65C5 00000000000000000000000000000000:0000 0A 00000000:00000000 00:00000000 00000000  1000        0 4755 1 00000000e354c165 100 0 0 10 0
   1: 0000000000000000FFFF000002001EAC:65C5 0000000000000000FFFF0000A507A8C0:CF12 06 00000000:00000000 03:00000F4C 00000000     0        0 0 3 00000000ef3648d0
   2: 0000000000000000FFFF000002001EAC:65C5 0000000000000000FFFF0000A507A8C0:CEDC 06 00000000:00000000 03:00000F4C 00000000     0        0 0 3 000000001405b443
   3: 0000000000000000FFFF000002001EAC:65C5 0000000000000000FFFF0000A507A8C0:CED8 01 00000000:00000000 00:00000000 00000000  1000        0 15410 1 000000008fe60dc2 20 4 27 10 -1
   4: 0000000000000000FFFF000002001EAC:65C5 0000000000000000FFFF0000A507A8C0:CEF6 06 00000000:00000000 03:00000F4C 00000000     0        0 0 3 000000009d5272cd
   5: 0000000000000000FFFF000002001EAC:65C5 0000000000000000FFFF0000A507A8C0:C780 06 00000000:00000000 03:00000F5E 00000000     0        0 0 3 000000009cb34486
   6: 0000000000000000FFFF000002001EAC:65C5 0000000000000000FFFF0000A507A8C0:CEEE 06 00000000:00000000 03:00000F4C 00000000     0        0 0 3 000000004005b3a8
   7: 0000000000000000FFFF000002001EAC:65C5 0000000000000000FFFF0000A507A8C0:8836 06 00000000:00000000 03:000008E1 00000000     0        0 0 3 0000000085de9e7c
   8: 0000000000000000FFFF000002001EAC:65C5 0000000000000000FFFF0000A507A8C0:CEE0 06 00000000:00000000 03:00000F4F 00000000     0        0 0 3 00000000ca8d32b3
   9: 0000000000000000FFFF000002001EAC:65C5 0000000000000000FFFF0000A507A8C0:CF04 06 00000000:00000000 03:00000F4C 00000000     0        0 0 3 00000000ddc9f476
timestamp 2025-09-10T04:51:40+00:00
  sl  local_address rem_address   st tx_queue rx_queue tr tm->when retrnsmt   uid  timeout inode                                                     
   0: 00000000:0947 00000000:0000 0A 00000000:00000000 00:00000000 00000000     0        0 3374 1 00000000c02401b0 100 0 0 10 0                      
   1: 00000000:6784 00000000:0000 0A 00000000:00000000 00:00000000 00000000     0        0 2805 1 000000008185227b 100 0 0 10 0                      
   2: 02001EAC:AA2E 7D121268:01BB 01 00000000:00000000 00:00000000 00000000  1000        0 8218 1 000000000a778bf5 20 4 26 10 -1                     
   3: 02001EAC:855C 51990634:01BB 01 00000000:00000000 00:00000000 00000000  1000        0 5641 1 00000000e6ce5bc1 26 4 31 10 -1                     
   4: 02001EAC:6784 A507A8C0:910E 01 00000000:00000000 00:00000000 00000000     0        0 3750 1 00000000208bd012 20 4 26 10 -1                     
   5: 02001EAC:90B4 778A3634:01BB 01 00000000:00000000 02:0000096F 00000000  1000        0 5070 2 0000000042f12e22 27 4 31 10 -1                     
   6: 02001EAC:0947 A507A8C0:A960 01 00000000:00000000 00:00000000 00000000     0        0 1944 1 00000000e24cad1a 20 4 31 10 -1                     
   7: 02001EAC:D9A2 6F3CE122:01BB 01 00000000:00000000 02:0000056D 00000000  1000        0 6460 2 000000008e87f52f 26 4 23 10 -1                     
  sl  local_address                         remote_address                        st tx_queue rx_queue tr tm->when retrnsmt   uid  timeout inode
   0: 00000000000000000000000000000000:65C5 00000000000000000000000000000000:0000 0A 00000000:00000000 00:00000000 00000000  1000        0 4755 1 00000000e354c165 100 0 0 10 0
   1: 0000000000000000FFFF000002001EAC:65C5 0000000000000000FFFF0000A507A8C0:CF12 06 00000000:00000000 03:00000E79 00000000     0        0 0 3 00000000ef3648d0
   2: 0000000000000000FFFF000002001EAC:65C5 0000000000000000FFFF0000A507A8C0:CEDC 06 00000000:00000000 03:00000E79 00000000     0        0 0 3 000000001405b443
   3: 0000000000000000FFFF000002001EAC:65C5 0000000000000000FFFF0000A507A8C0:CED8 01 00000000:00000000 00:00000000 00000000  1000        0 15410 1 000000008fe60dc2 20 4 27 10 -1
   4: 0000000000000000FFFF000002001EAC:65C5 0000000000000000FFFF0000A507A8C0:CEF6 06 00000000:00000000 03:00000E79 00000000     0        0 0 3 000000009d5272cd
   5: 0000000000000000FFFF000002001EAC:65C5 0000000000000000FFFF0000A507A8C0:C780 06 00000000:00000000 03:00000E8B 00000000     0        0 0 3 000000009cb34486
   6: 0000000000000000FFFF000002001EAC:65C5 0000000000000000FFFF0000A507A8C0:CEEE 06 00000000:00000000 03:00000E79 00000000     0        0 0 3 000000004005b3a8
   7: 0000000000000000FFFF000002001EAC:65C5 0000000000000000FFFF0000A507A8C0:8836 06 00000000:00000000 03:0000080E 00000000     0        0 0 3 0000000085de9e7c
   8: 0000000000000000FFFF000002001EAC:65C5 0000000000000000FFFF0000A507A8C0:CEE0 06 00000000:00000000 03:00000E7C 00000000     0        0 0 3 00000000ca8d32b3
   9: 0000000000000000FFFF000002001EAC:65C5 0000000000000000FFFF0000A507A8C0:CF04 06 00000000:00000000 03:00000E79 00000000     0        0 0 3 00000000ddc9f476
timestamp 2025-09-10T04:51:42+00:00
  sl  local_address rem_address   st tx_queue rx_queue tr tm->when retrnsmt   uid  timeout inode                                                     
   0: 00000000:0947 00000000:0000 0A 00000000:00000000 00:00000000 00000000     0        0 3374 1 00000000c02401b0 100 0 0 10 0                      
   1: 00000000:6784 00000000:0000 0A 00000000:00000000 00:00000000 00000000     0        0 2805 1 000000008185227b 100 0 0 10 0                      
   2: 02001EAC:AA2E 7D121268:01BB 01 00000000:00000000 00:00000000 00000000  1000        0 8218 1 000000000a778bf5 20 4 26 10 -1                     
   3: 02001EAC:855C 51990634:01BB 01 00000000:00000000 00:00000000 00000000  1000        0 5641 1 00000000e6ce5bc1 26 4 31 10 -1                     
   4: 02001EAC:6784 A507A8C0:910E 01 00000000:00000000 00:00000000 00000000     0        0 3750 1 00000000208bd012 20 4 26 10 -1                     
   5: 02001EAC:90B4 778A3634:01BB 01 00000000:00000000 02:0000089B 00000000  1000        0 5070 2 0000000042f12e22 27 4 31 10 -1                     
   6: 02001EAC:0947 A507A8C0:A960 01 00000000:00000000 00:00000000 00000000     0        0 1944 1 00000000e24cad1a 20 4 31 10 -1                     
   7: 02001EAC:D9A2 6F3CE122:01BB 01 00000000:00000000 02:00000499 00000000  1000        0 6460 2 000000008e87f52f 26 4 23 10 -1                     
  sl  local_address                         remote_address                        st tx_queue rx_queue tr tm->when retrnsmt   uid  timeout inode
   0: 00000000000000000000000000000000:65C5 00000000000000000000000000000000:0000 0A 00000000:00000000 00:00000000 00000000  1000        0 4755 1 00000000e354c165 100 0 0 10 0
   1: 0000000000000000FFFF000002001EAC:65C5 0000000000000000FFFF0000A507A8C0:CF12 06 00000000:00000000 03:00000DA5 00000000     0        0 0 3 00000000ef3648d0
   2: 0000000000000000FFFF000002001EAC:65C5 0000000000000000FFFF0000A507A8C0:CEDC 06 00000000:00000000 03:00000DA5 00000000     0        0 0 3 000000001405b443
   3: 0000000000000000FFFF000002001EAC:65C5 0000000000000000FFFF0000A507A8C0:CED8 01 00000000:00000000 00:00000000 00000000  1000        0 15410 1 000000008fe60dc2 20 4 27 10 -1
   4: 0000000000000000FFFF000002001EAC:65C5 0000000000000000FFFF0000A507A8C0:CEF6 06 00000000:00000000 03:00000DA5 00000000     0        0 0 3 000000009d5272cd
   5: 0000000000000000FFFF000002001EAC:65C5 0000000000000000FFFF0000A507A8C0:C780 06 00000000:00000000 03:00000DB7 00000000     0        0 0 3 000000009cb34486
   6: 0000000000000000FFFF000002001EAC:65C5 0000000000000000FFFF0000A507A8C0:CEEE 06 00000000:00000000 03:00000DA5 00000000     0        0 0 3 000000004005b3a8
   7: 0000000000000000FFFF000002001EAC:65C5 0000000000000000FFFF0000A507A8C0:8836 06 00000000:00000000 03:0000073A 00000000     0        0 0 3 0000000085de9e7c
   8: 0000000000000000FFFF000002001EAC:65C5 0000000000000000FFFF0000A507A8C0:CEE0 06 00000000:00000000 03:00000DA8 00000000     0        0 0 3 00000000ca8d32b3
   9: 0000000000000000FFFF000002001EAC:65C5 0000000000000000FFFF0000A507A8C0:CF04 06 00000000:00000000 03:00000DA5 00000000     0        0 0 3 00000000ddc9f476
timestamp 2025-09-10T04:51:45+00:00
  sl  local_address rem_address   st tx_queue rx_queue tr tm->when retrnsmt   uid  timeout inode                                                     
   0: 00000000:0947 00000000:0000 0A 00000000:00000000 00:00000000 00000000     0        0 3374 1 00000000c02401b0 100 0 0 10 0                      
   1: 00000000:6784 00000000:0000 0A 00000000:00000000 00:00000000 00000000     0        0 2805 1 000000008185227b 100 0 0 10 0                      
   2: 02001EAC:AA2E 7D121268:01BB 01 00000000:00000000 00:00000000 00000000  1000        0 8218 1 000000000a778bf5 20 4 26 10 -1                     
   3: 02001EAC:855C 51990634:01BB 01 00000000:00000000 00:00000000 00000000  1000        0 5641 1 00000000e6ce5bc1 26 4 31 10 -1                     
   4: 02001EAC:6784 A507A8C0:910E 01 00000000:00000000 00:00000000 00000000     0        0 3750 1 00000000208bd012 20 4 26 10 -1                     
   5: 02001EAC:90B4 778A3634:01BB 01 00000000:00000000 02:000007C7 00000000  1000        0 5070 2 0000000042f12e22 27 4 31 10 -1                     
   6: 02001EAC:0947 A507A8C0:A960 01 00000000:00000000 00:00000000 00000000     0        0 1944 1 00000000e24cad1a 20 4 31 10 -1                     
   7: 02001EAC:D9A2 6F3CE122:01BB 01 00000000:00000000 02:000003C5 00000000  1000        0 6460 2 000000008e87f52f 26 4 23 10 -1                     
  sl  local_address                         remote_address                        st tx_queue rx_queue tr tm->when retrnsmt   uid  timeout inode
   0: 00000000000000000000000000000000:65C5 00000000000000000000000000000000:0000 0A 00000000:00000000 00:00000000 00000000  1000        0 4755 1 00000000e354c165 100 0 0 10 0
   1: 0000000000000000FFFF000002001EAC:65C5 0000000000000000FFFF0000A507A8C0:CF12 06 00000000:00000000 03:00000CD1 00000000     0        0 0 3 00000000ef3648d0
   2: 0000000000000000FFFF000002001EAC:65C5 0000000000000000FFFF0000A507A8C0:CEDC 06 00000000:00000000 03:00000CD1 00000000     0        0 0 3 000000001405b443
   3: 0000000000000000FFFF000002001EAC:65C5 0000000000000000FFFF0000A507A8C0:CED8 01 00000000:00000000 00:00000000 00000000  1000        0 15410 1 000000008fe60dc2 20 4 27 10 -1
   4: 0000000000000000FFFF000002001EAC:65C5 0000000000000000FFFF0000A507A8C0:CEF6 06 00000000:00000000 03:00000CD1 00000000     0        0 0 3 000000009d5272cd
   5: 0000000000000000FFFF000002001EAC:65C5 0000000000000000FFFF0000A507A8C0:C780 06 00000000:00000000 03:00000CE3 00000000     0        0 0 3 000000009cb34486
   6: 0000000000000000FFFF000002001EAC:65C5 0000000000000000FFFF0000A507A8C0:CEEE 06 00000000:00000000 03:00000CD1 00000000     0        0 0 3 000000004005b3a8
   7: 0000000000000000FFFF000002001EAC:65C5 0000000000000000FFFF0000A507A8C0:8836 06 00000000:00000000 03:00000666 00000000     0        0 0 3 0000000085de9e7c
   8: 0000000000000000FFFF000002001EAC:65C5 0000000000000000FFFF0000A507A8C0:CEE0 06 00000000:00000000 03:00000CD4 00000000     0        0 0 3 00000000ca8d32b3
   9: 0000000000000000FFFF000002001EAC:65C5 0000000000000000FFFF0000A507A8C0:CF04 06 00000000:00000000 03:00000CD1 00000000     0        0 0 3 00000000ddc9f476
timestamp 2025-09-10T04:51:47+00:00
  sl  local_address rem_address   st tx_queue rx_queue tr tm->when retrnsmt   uid  timeout inode                                                     
   0: 00000000:0947 00000000:0000 0A 00000000:00000000 00:00000000 00000000     0        0 3374 1 00000000c02401b0 100 0 0 10 0                      
   1: 00000000:6784 00000000:0000 0A 00000000:00000000 00:00000000 00000000     0        0 2805 1 000000008185227b 100 0 0 10 0                      
   2: 02001EAC:AA2E 7D121268:01BB 01 00000000:00000000 00:00000000 00000000  1000        0 8218 1 000000000a778bf5 20 4 26 10 -1                     
   3: 02001EAC:855C 51990634:01BB 01 00000000:00000000 00:00000000 00000000  1000        0 5641 1 00000000e6ce5bc1 26 4 31 10 -1                     
   4: 02001EAC:6784 A507A8C0:910E 01 00000000:00000000 00:00000000 00000000     0        0 3750 1 00000000208bd012 20 4 26 10 -1                     
   5: 02001EAC:90B4 778A3634:01BB 01 00000000:00000000 02:000006F4 00000000  1000        0 5070 2 0000000042f12e22 27 4 31 10 -1                     
   6: 02001EAC:0947 A507A8C0:A960 01 00000000:00000000 00:00000000 00000000     0        0 1944 1 00000000e24cad1a 20 4 31 10 -1                     
   7: 02001EAC:D9A2 6F3CE122:01BB 01 00000000:00000000 02:000002F1 00000000  1000        0 6460 2 000000008e87f52f 26 4 23 10 -1                     
  sl  local_address                         remote_address                        st tx_queue rx_queue tr tm->when retrnsmt   uid  timeout inode
   0: 00000000000000000000000000000000:65C5 00000000000000000000000000000000:0000 0A 00000000:00000000 00:00000000 00000000  1000        0 4755 1 00000000e354c165 100 0 0 10 0
   1: 0000000000000000FFFF000002001EAC:65C5 0000000000000000FFFF0000A507A8C0:CF12 06 00000000:00000000 03:00000BFE 00000000     0        0 0 3 00000000ef3648d0
   2: 0000000000000000FFFF000002001EAC:65C5 0000000000000000FFFF0000A507A8C0:CEDC 06 00000000:00000000 03:00000BFE 00000000     0        0 0 3 000000001405b443
   3: 0000000000000000FFFF000002001EAC:65C5 0000000000000000FFFF0000A507A8C0:CED8 01 00000000:00000000 00:00000000 00000000  1000        0 15410 1 000000008fe60dc2 20 4 27 10 -1
   4: 0000000000000000FFFF000002001EAC:65C5 0000000000000000FFFF0000A507A8C0:CEF6 06 00000000:00000000 03:00000BFE 00000000     0        0 0 3 000000009d5272cd
   5: 0000000000000000FFFF000002001EAC:65C5 0000000000000000FFFF0000A507A8C0:C780 06 00000000:00000000 03:00000C0F 00000000     0        0 0 3 000000009cb34486
   6: 0000000000000000FFFF000002001EAC:65C5 0000000000000000FFFF0000A507A8C0:CEEE 06 00000000:00000000 03:00000BFE 00000000     0        0 0 3 000000004005b3a8
   7: 0000000000000000FFFF000002001EAC:65C5 0000000000000000FFFF0000A507A8C0:8836 06 00000000:00000000 03:00000592 00000000     0        0 0 3 0000000085de9e7c
   8: 0000000000000000FFFF000002001EAC:65C5 0000000000000000FFFF0000A507A8C0:CEE0 06 00000000:00000000 03:00000C00 00000000     0        0 0 3 00000000ca8d32b3
   9: 0000000000000000FFFF000002001EAC:65C5 0000000000000000FFFF0000A507A8C0:CF04 06 00000000:00000000 03:00000BFE 00000000     0        0 0 3 00000000ddc9f476
timestamp 2025-09-10T04:51:49+00:00
  sl  local_address rem_address   st tx_queue rx_queue tr tm->when retrnsmt   uid  timeout inode                                                     
   0: 00000000:0947 00000000:0000 0A 00000000:00000000 00:00000000 00000000     0        0 3374 1 00000000c02401b0 100 0 0 10 0                      
   1: 00000000:6784 00000000:0000 0A 00000000:00000000 00:00000000 00000000     0        0 2805 1 000000008185227b 100 0 0 10 0                      
   2: 02001EAC:AA2E 7D121268:01BB 01 00000000:00000000 00:00000000 00000000  1000        0 8218 1 000000000a778bf5 20 4 26 10 -1                     
   3: 02001EAC:855C 51990634:01BB 01 00000000:00000000 00:00000000 00000000  1000        0 5641 1 00000000e6ce5bc1 26 4 31 10 -1                     
   4: 02001EAC:6784 A507A8C0:910E 01 00000000:00000000 00:00000000 00000000     0        0 3750 1 00000000208bd012 20 4 26 10 -1                     
   5: 02001EAC:90B4 778A3634:01BB 01 00000000:00000000 02:00000620 00000000  1000        0 5070 2 0000000042f12e22 27 4 31 10 -1                     
   6: 02001EAC:0947 A507A8C0:A960 01 00000000:00000000 00:00000000 00000000     0        0 1944 1 00000000e24cad1a 20 4 31 10 -1                     
   7: 02001EAC:D9A2 6F3CE122:01BB 01 00000000:00000000 02:0000021D 00000000  1000        0 6460 2 000000008e87f52f 26 4 23 10 -1                     
  sl  local_address                         remote_address                        st tx_queue rx_queue tr tm->when retrnsmt   uid  timeout inode
   0: 00000000000000000000000000000000:65C5 00000000000000000000000000000000:0000 0A 00000000:00000000 00:00000000 00000000  1000        0 4755 1 00000000e354c165 100 0 0 10 0
   1: 0000000000000000FFFF000002001EAC:65C5 0000000000000000FFFF0000A507A8C0:CF12 06 00000000:00000000 03:00000B2A 00000000     0        0 0 3 00000000ef3648d0
   2: 0000000000000000FFFF000002001EAC:65C5 0000000000000000FFFF0000A507A8C0:CEDC 06 00000000:00000000 03:00000B2A 00000000     0        0 0 3 000000001405b443
   3: 0000000000000000FFFF000002001EAC:65C5 0000000000000000FFFF0000A507A8C0:CED8 01 00000000:00000000 00:00000000 00000000  1000        0 15410 1 000000008fe60dc2 20 4 27 10 -1
   4: 0000000000000000FFFF000002001EAC:65C5 0000000000000000FFFF0000A507A8C0:CEF6 06 00000000:00000000 03:00000B2A 00000000     0        0 0 3 000000009d5272cd
   5: 0000000000000000FFFF000002001EAC:65C5 0000000000000000FFFF0000A507A8C0:C780 06 00000000:00000000 03:00000B3B 00000000     0        0 0 3 000000009cb34486
   6: 0000000000000000FFFF000002001EAC:65C5 0000000000000000FFFF0000A507A8C0:CEEE 06 00000000:00000000 03:00000B2A 00000000     0        0 0 3 000000004005b3a8
   7: 0000000000000000FFFF000002001EAC:65C5 0000000000000000FFFF0000A507A8C0:8836 06 00000000:00000000 03:000004BE 00000000     0        0 0 3 0000000085de9e7c
   8: 0000000000000000FFFF000002001EAC:65C5 0000000000000000FFFF0000A507A8C0:CEE0 06 00000000:00000000 03:00000B2C 00000000     0        0 0 3 00000000ca8d32b3
   9: 0000000000000000FFFF000002001EAC:65C5 0000000000000000FFFF0000A507A8C0:CF04 06 00000000:00000000 03:00000B2A 00000000     0        0 0 3 00000000ddc9f476
timestamp 2025-09-10T04:51:51+00:00
  sl  local_address rem_address   st tx_queue rx_queue tr tm->when retrnsmt   uid  timeout inode                                                     
   0: 00000000:0947 00000000:0000 0A 00000000:00000000 00:00000000 00000000     0        0 3374 1 00000000c02401b0 100 0 0 10 0                      
   1: 00000000:6784 00000000:0000 0A 00000000:00000000 00:00000000 00000000     0        0 2805 1 000000008185227b 100 0 0 10 0                      
   2: 02001EAC:AA2E 7D121268:01BB 01 00000000:00000000 00:00000000 00000000  1000        0 8218 1 000000000a778bf5 20 4 26 10 -1                     
   3: 02001EAC:855C 51990634:01BB 01 00000000:00000000 00:00000000 00000000  1000        0 5641 1 00000000e6ce5bc1 26 4 31 10 -1                     
   4: 02001EAC:6784 A507A8C0:910E 01 00000000:00000000 00:00000000 00000000     0        0 3750 1 00000000208bd012 20 4 26 10 -1                     
   5: 02001EAC:90B4 778A3634:01BB 01 00000000:00000000 02:0000054C 00000000  1000        0 5070 2 0000000042f12e22 27 4 31 10 -1                     
   6: 02001EAC:0947 A507A8C0:A960 01 00000000:00000000 00:00000000 00000000     0        0 1944 1 00000000e24cad1a 20 4 31 10 -1                     
   7: 02001EAC:D9A2 6F3CE122:01BB 01 00000000:00000000 02:00000149 00000000  1000        0 6460 2 000000008e87f52f 26 4 23 10 -1                     
  sl  local_address                         remote_address                        st tx_queue rx_queue tr tm->when retrnsmt   uid  timeout inode
   0: 00000000000000000000000000000000:65C5 00000000000000000000000000000000:0000 0A 00000000:00000000 00:00000000 00000000  1000        0 4755 1 00000000e354c165 100 0 0 10 0
   1: 0000000000000000FFFF000002001EAC:65C5 0000000000000000FFFF0000A507A8C0:CF12 06 00000000:00000000 03:00000A56 00000000     0        0 0 3 00000000ef3648d0
   2: 0000000000000000FFFF000002001EAC:65C5 0000000000000000FFFF0000A507A8C0:CEDC 06 00000000:00000000 03:00000A56 00000000     0        0 0 3 000000001405b443
   3: 0000000000000000FFFF000002001EAC:65C5 0000000000000000FFFF0000A507A8C0:CED8 01 00000000:00000000 00:00000000 00000000  1000        0 15410 1 000000008fe60dc2 20 4 27 10 -1
   4: 0000000000000000FFFF000002001EAC:65C5 0000000000000000FFFF0000A507A8C0:CEF6 06 00000000:00000000 03:00000A56 00000000     0        0 0 3 000000009d5272cd
   5: 0000000000000000FFFF000002001EAC:65C5 0000000000000000FFFF0000A507A8C0:C780 06 00000000:00000000 03:00000A67 00000000     0        0 0 3 000000009cb34486
   6: 0000000000000000FFFF000002001EAC:65C5 0000000000000000FFFF0000A507A8C0:CEEE 06 00000000:00000000 03:00000A56 00000000     0        0 0 3 000000004005b3a8
   7: 0000000000000000FFFF000002001EAC:65C5 0000000000000000FFFF0000A507A8C0:8836 06 00000000:00000000 03:000003EA 00000000     0        0 0 3 0000000085de9e7c
   8: 0000000000000000FFFF000002001EAC:65C5 0000000000000000FFFF0000A507A8C0:CEE0 06 00000000:00000000 03:00000A58 00000000     0        0 0 3 00000000ca8d32b3
   9: 0000000000000000FFFF000002001EAC:65C5 0000000000000000FFFF0000A507A8C0:CF04 06 00000000:00000000 03:00000A56 00000000     0        0 0 3 00000000ddc9f476
timestamp 2025-09-10T04:51:53+00:00
  sl  local_address rem_address   st tx_queue rx_queue tr tm->when retrnsmt   uid  timeout inode                                                     
   0: 00000000:0947 00000000:0000 0A 00000000:00000000 00:00000000 00000000     0        0 3374 1 00000000c02401b0 100 0 0 10 0                      
   1: 00000000:6784 00000000:0000 0A 00000000:00000000 00:00000000 00000000     0        0 2805 1 000000008185227b 100 0 0 10 0                      
   2: 02001EAC:AA2E 7D121268:01BB 01 00000000:00000000 00:00000000 00000000  1000        0 8218 1 000000000a778bf5 20 4 26 10 -1                     
   3: 02001EAC:855C 51990634:01BB 01 00000000:00000000 00:00000000 00000000  1000        0 5641 1 00000000e6ce5bc1 26 4 31 10 -1                     
   4: 02001EAC:6784 A507A8C0:910E 01 00000000:00000000 00:00000000 00000000     0        0 3750 1 00000000208bd012 20 4 26 10 -1                     
   5: 02001EAC:90B4 778A3634:01BB 01 00000000:00000000 02:00000478 00000000  1000        0 5070 2 0000000042f12e22 27 4 31 10 -1                     
   6: 02001EAC:0947 A507A8C0:A960 01 00000000:00000000 00:00000000 00000000     0        0 1944 1 00000000e24cad1a 20 4 31 10 -1                     
   7: 02001EAC:D9A2 6F3CE122:01BB 01 00000000:00000000 02:00000076 00000000  1000        0 6460 2 000000008e87f52f 26 4 23 10 -1                     
  sl  local_address                         remote_address                        st tx_queue rx_queue tr tm->when retrnsmt   uid  timeout inode
   0: 00000000000000000000000000000000:65C5 00000000000000000000000000000000:0000 0A 00000000:00000000 00:00000000 00000000  1000        0 4755 1 00000000e354c165 100 0 0 10 0
   1: 0000000000000000FFFF000002001EAC:65C5 0000000000000000FFFF0000A507A8C0:CF12 06 00000000:00000000 03:00000982 00000000     0        0 0 3 00000000ef3648d0
   2: 0000000000000000FFFF000002001EAC:65C5 0000000000000000FFFF0000A507A8C0:CEDC 06 00000000:00000000 03:00000982 00000000     0        0 0 3 000000001405b443
   3: 0000000000000000FFFF000002001EAC:65C5 0000000000000000FFFF0000A507A8C0:CED8 01 00000000:00000000 00:00000000 00000000  1000        0 15410 1 000000008fe60dc2 20 4 27 10 -1
   4: 0000000000000000FFFF000002001EAC:65C5 0000000000000000FFFF0000A507A8C0:CEF6 06 00000000:00000000 03:00000982 00000000     0        0 0 3 000000009d5272cd
   5: 0000000000000000FFFF000002001EAC:65C5 0000000000000000FFFF0000A507A8C0:C780 06 00000000:00000000 03:00000994 00000000     0        0 0 3 000000009cb34486
   6: 0000000000000000FFFF000002001EAC:65C5 0000000000000000FFFF0000A507A8C0:CEEE 06 00000000:00000000 03:00000982 00000000     0        0 0 3 000000004005b3a8
   7: 0000000000000000FFFF000002001EAC:65C5 0000000000000000FFFF0000A507A8C0:8836 06 00000000:00000000 03:00000317 00000000     0        0 0 3 0000000085de9e7c
   8: 0000000000000000FFFF000002001EAC:65C5 0000000000000000FFFF0000A507A8C0:CEE0 06 00000000:00000000 03:00000985 00000000     0        0 0 3 00000000ca8d32b3
   9: 0000000000000000FFFF000002001EAC:65C5 0000000000000000FFFF0000A507A8C0:CF04 06 00000000:00000000 03:00000982 00000000     0        0 0 3 00000000ddc9f476
timestamp 2025-09-10T04:51:55+00:00
  sl  local_address rem_address   st tx_queue rx_queue tr tm->when retrnsmt   uid  timeout inode                                                     
   0: 00000000:0947 00000000:0000 0A 00000000:00000000 00:00000000 00000000     0        0 3374 1 00000000c02401b0 100 0 0 10 0                      
   1: 00000000:6784 00000000:0000 0A 00000000:00000000 00:00000000 00000000     0        0 2805 1 000000008185227b 100 0 0 10 0                      
   2: 02001EAC:AA2E 7D121268:01BB 01 00000000:00000000 00:00000000 00000000  1000        0 8218 1 000000000a778bf5 20 4 26 10 -1                     
   3: 02001EAC:855C 51990634:01BB 01 00000000:00000000 00:00000000 00000000  1000        0 5641 1 00000000e6ce5bc1 26 4 31 10 -1                     
   4: 02001EAC:6784 A507A8C0:910E 01 00000000:00000000 00:00000000 00000000     0        0 3750 1 00000000208bd012 20 4 26 10 -1                     
   5: 02001EAC:90B4 778A3634:01BB 01 00000000:00000000 02:000003A4 00000000  1000        0 5070 2 0000000042f12e22 27 4 31 10 -1                     
   6: 02001EAC:0947 A507A8C0:A960 01 00000000:00000000 00:00000000 00000000     0        0 1944 1 00000000e24cad1a 20 4 31 10 -1                     
   7: 02001EAC:D9A2 6F3CE122:01BB 01 00000000:00000000 02:0000113C 00000000  1000        0 6460 2 000000008e87f52f 26 4 23 10 -1                     
  sl  local_address                         remote_address                        st tx_queue rx_queue tr tm->when retrnsmt   uid  timeout inode
   0: 00000000000000000000000000000000:65C5 00000000000000000000000000000000:0000 0A 00000000:00000000 00:00000000 00000000  1000        0 4755 1 00000000e354c165 100 0 0 10 0
   1: 0000000000000000FFFF000002001EAC:65C5 0000000000000000FFFF0000A507A8C0:CF12 06 00000000:00000000 03:000008AE 00000000     0        0 0 3 00000000ef3648d0
   2: 0000000000000000FFFF000002001EAC:65C5 0000000000000000FFFF0000A507A8C0:CEDC 06 00000000:00000000 03:000008AE 00000000     0        0 0 3 000000001405b443
   3: 0000000000000000FFFF000002001EAC:65C5 0000000000000000FFFF0000A507A8C0:CED8 01 00000000:00000000 00:00000000 00000000  1000        0 15410 1 000000008fe60dc2 20 4 27 10 -1
   4: 0000000000000000FFFF000002001EAC:65C5 0000000000000000FFFF0000A507A8C0:CEF6 06 00000000:00000000 03:000008AE 00000000     0        0 0 3 000000009d5272cd
   5: 0000000000000000FFFF000002001EAC:65C5 0000000000000000FFFF0000A507A8C0:C780 06 00000000:00000000 03:000008C0 00000000     0        0 0 3 000000009cb34486
   6: 0000000000000000FFFF000002001EAC:65C5 0000000000000000FFFF0000A507A8C0:CEEE 06 00000000:00000000 03:000008AE 00000000     0        0 0 3 000000004005b3a8
   7: 0000000000000000FFFF000002001EAC:65C5 0000000000000000FFFF0000A507A8C0:8836 06 00000000:00000000 03:00000243 00000000     0        0 0 3 0000000085de9e7c
   8: 0000000000000000FFFF000002001EAC:65C5 0000000000000000FFFF0000A507A8C0:CEE0 06 00000000:00000000 03:000008B1 00000000     0        0 0 3 00000000ca8d32b3
   9: 0000000000000000FFFF000002001EAC:65C5 0000000000000000FFFF0000A507A8C0:CF04 06 00000000:00000000 03:000008AE 00000000     0        0 0 3 00000000ddc9f476
timestamp 2025-09-10T04:51:57+00:00
  sl  local_address rem_address   st tx_queue rx_queue tr tm->when retrnsmt   uid  timeout inode                                                     
   0: 00000000:0947 00000000:0000 0A 00000000:00000000 00:00000000 00000000     0        0 3374 1 00000000c02401b0 100 0 0 10 0                      
   1: 00000000:6784 00000000:0000 0A 00000000:00000000 00:00000000 00000000     0        0 2805 1 000000008185227b 100 0 0 10 0                      
   2: 02001EAC:AA2E 7D121268:01BB 01 00000000:00000000 00:00000000 00000000  1000        0 8218 1 000000000a778bf5 20 4 26 10 -1                     
   3: 02001EAC:855C 51990634:01BB 01 00000000:00000000 00:00000000 00000000  1000        0 5641 1 00000000e6ce5bc1 26 4 31 10 -1                     
   4: 02001EAC:6784 A507A8C0:910E 01 00000000:00000000 00:00000000 00000000     0        0 3750 1 00000000208bd012 20 4 26 10 -1                     
   5: 02001EAC:90B4 778A3634:01BB 01 00000000:00000000 02:000002D0 00000000  1000        0 5070 2 0000000042f12e22 27 4 31 10 -1                     
   6: 02001EAC:0947 A507A8C0:A960 01 00000000:00000000 00:00000000 00000000     0        0 1944 1 00000000e24cad1a 20 4 31 10 -1                     
   7: 02001EAC:D9A2 6F3CE122:01BB 01 00000000:00000000 02:00001068 00000000  1000        0 6460 2 000000008e87f52f 26 4 23 10 -1                     
  sl  local_address                         remote_address                        st tx_queue rx_queue tr tm->when retrnsmt   uid  timeout inode
   0: 00000000000000000000000000000000:65C5 00000000000000000000000000000000:0000 0A 00000000:00000000 00:00000000 00000000  1000        0 4755 1 00000000e354c165 100 0 0 10 0
   1: 0000000000000000FFFF000002001EAC:65C5 0000000000000000FFFF0000A507A8C0:CF12 06 00000000:00000000 03:000007DA 00000000     0        0 0 3 00000000ef3648d0
   2: 0000000000000000FFFF000002001EAC:65C5 0000000000000000FFFF0000A507A8C0:CEDC 06 00000000:00000000 03:000007DA 00000000     0        0 0 3 000000001405b443
   3: 0000000000000000FFFF000002001EAC:65C5 0000000000000000FFFF0000A507A8C0:CED8 01 00000000:00000000 00:00000000 00000000  1000        0 15410 1 000000008fe60dc2 20 4 27 10 -1
   4: 0000000000000000FFFF000002001EAC:65C5 0000000000000000FFFF0000A507A8C0:CEF6 06 00000000:00000000 03:000007DA 00000000     0        0 0 3 000000009d5272cd
   5: 0000000000000000FFFF000002001EAC:65C5 0000000000000000FFFF0000A507A8C0:C780 06 00000000:00000000 03:000007EC 00000000     0        0 0 3 000000009cb34486
   6: 0000000000000000FFFF000002001EAC:65C5 0000000000000000FFFF0000A507A8C0:CEEE 06 00000000:00000000 03:000007DA 00000000     0        0 0 3 000000004005b3a8
   7: 0000000000000000FFFF000002001EAC:65C5 0000000000000000FFFF0000A507A8C0:8836 06 00000000:00000000 03:0000016F 00000000     0        0 0 3 0000000085de9e7c
   8: 0000000000000000FFFF000002001EAC:65C5 0000000000000000FFFF0000A507A8C0:CEE0 06 00000000:00000000 03:000007DD 00000000     0        0 0 3 00000000ca8d32b3
   9: 0000000000000000FFFF000002001EAC:65C5 0000000000000000FFFF0000A507A8C0:CF04 06 00000000:00000000 03:000007DA 00000000     0        0 0 3 00000000ddc9f476
timestamp 2025-09-10T04:51:59+00:00
  sl  local_address rem_address   st tx_queue rx_queue tr tm->when retrnsmt   uid  timeout inode                                                     
   0: 00000000:0947 00000000:0000 0A 00000000:00000000 00:00000000 00000000     0        0 3374 1 00000000c02401b0 100 0 0 10 0                      
   1: 00000000:6784 00000000:0000 0A 00000000:00000000 00:00000000 00000000     0        0 2805 1 000000008185227b 100 0 0 10 0                      
   2: 02001EAC:AA2E 7D121268:01BB 01 00000000:00000000 00:00000000 00000000  1000        0 8218 1 000000000a778bf5 20 4 26 10 -1                     
   3: 02001EAC:855C 51990634:01BB 01 00000000:00000000 00:00000000 00000000  1000        0 5641 1 00000000e6ce5bc1 26 4 31 10 -1                     
   4: 02001EAC:6784 A507A8C0:910E 01 00000000:00000000 00:00000000 00000000     0        0 3750 1 00000000208bd012 20 4 26 10 -1                     
   5: 02001EAC:90B4 778A3634:01BB 01 00000000:00000000 02:000001FD 00000000  1000        0 5070 2 0000000042f12e22 27 4 31 10 -1                     
   6: 02001EAC:0947 A507A8C0:A960 01 00000000:00000000 00:00000000 00000000     0        0 1944 1 00000000e24cad1a 20 4 31 10 -1                     
   7: 02001EAC:D9A2 6F3CE122:01BB 01 00000000:00000000 02:00000F95 00000000  1000        0 6460 2 000000008e87f52f 26 4 23 10 -1                     
  sl  local_address                         remote_address                        st tx_queue rx_queue tr tm->when retrnsmt   uid  timeout inode
   0: 00000000000000000000000000000000:65C5 00000000000000000000000000000000:0000 0A 00000000:00000000 00:00000000 00000000  1000        0 4755 1 00000000e354c165 100 0 0 10 0
   1: 0000000000000000FFFF000002001EAC:65C5 0000000000000000FFFF0000A507A8C0:CF12 06 00000000:00000000 03:00000707 00000000     0        0 0 3 00000000ef3648d0
   2: 0000000000000000FFFF000002001EAC:65C5 0000000000000000FFFF0000A507A8C0:CEDC 06 00000000:00000000 03:00000707 00000000     0        0 0 3 000000001405b443
   3: 0000000000000000FFFF000002001EAC:65C5 0000000000000000FFFF0000A507A8C0:CED8 01 00000000:00000000 00:00000000 00000000  1000        0 15410 1 000000008fe60dc2 20 4 27 10 -1
   4: 0000000000000000FFFF000002001EAC:65C5 0000000000000000FFFF0000A507A8C0:CEF6 06 00000000:00000000 03:00000707 00000000     0        0 0 3 000000009d5272cd
   5: 0000000000000000FFFF000002001EAC:65C5 0000000000000000FFFF0000A507A8C0:C780 06 00000000:00000000 03:00000718 00000000     0        0 0 3 000000009cb34486
   6: 0000000000000000FFFF000002001EAC:65C5 0000000000000000FFFF0000A507A8C0:CEEE 06 00000000:00000000 03:00000707 00000000     0        0 0 3 000000004005b3a8
   7: 0000000000000000FFFF000002001EAC:65C5 0000000000000000FFFF0000A507A8C0:8836 06 00000000:00000000 03:0000009C 00000000     0        0 0 3 0000000085de9e7c
   8: 0000000000000000FFFF000002001EAC:65C5 0000000000000000FFFF0000A507A8C0:CEE0 06 00000000:00000000 03:0000070A 00000000     0        0 0 3 00000000ca8d32b3
   9: 0000000000000000FFFF000002001EAC:65C5 0000000000000000FFFF0000A507A8C0:CF04 06 00000000:00000000 03:00000707 00000000     0        0 0 3 00000000ddc9f476
timestamp 2025-09-10T04:52:01+00:00
  sl  local_address rem_address   st tx_queue rx_queue tr tm->when retrnsmt   uid  timeout inode                                                     
   0: 00000000:0947 00000000:0000 0A 00000000:00000000 00:00000000 00000000     0        0 3374 1 00000000c02401b0 100 0 0 10 0                      
   1: 00000000:6784 00000000:0000 0A 00000000:00000000 00:00000000 00000000     0        0 2805 1 000000008185227b 100 0 0 10 0                      
   2: 02001EAC:AA2E 7D121268:01BB 01 00000000:00000000 00:00000000 00000000  1000        0 8218 1 000000000a778bf5 20 4 26 10 -1                     
   3: 02001EAC:855C 51990634:01BB 01 00000000:00000000 00:00000000 00000000  1000        0 5641 1 00000000e6ce5bc1 26 4 31 10 -1                     
   4: 02001EAC:6784 A507A8C0:910E 01 00000000:00000000 00:00000000 00000000     0        0 3750 1 00000000208bd012 20 4 26 10 -1                     
   5: 02001EAC:90B4 778A3634:01BB 01 00000000:00000000 02:00000129 00000000  1000        0 5070 2 0000000042f12e22 27 4 31 10 -1                     
   6: 02001EAC:0947 A507A8C0:A960 01 00000000:00000000 00:00000000 00000000     0        0 1944 1 00000000e24cad1a 20 4 31 10 -1                     
   7: 02001EAC:D9A2 6F3CE122:01BB 01 00000000:00000000 02:00000EC1 00000000  1000        0 6460 2 000000008e87f52f 26 4 23 10 -1                     
  sl  local_address                         remote_address                        st tx_queue rx_queue tr tm->when retrnsmt   uid  timeout inode
   0: 00000000000000000000000000000000:65C5 00000000000000000000000000000000:0000 0A 00000000:00000000 00:00000000 00000000  1000        0 4755 1 00000000e354c165 100 0 0 10 0
   1: 0000000000000000FFFF000002001EAC:65C5 0000000000000000FFFF0000A507A8C0:CF12 06 00000000:00000000 03:00000633 00000000     0        0 0 3 00000000ef3648d0
   2: 0000000000000000FFFF000002001EAC:65C5 0000000000000000FFFF0000A507A8C0:CEDC 06 00000000:00000000 03:00000633 00000000     0        0 0 3 000000001405b443
   3: 0000000000000000FFFF000002001EAC:65C5 0000000000000000FFFF0000A507A8C0:CED8 01 00000000:00000000 00:00000000 00000000  1000        0 15410 1 000000008fe60dc2 20 4 27 10 -1
   4: 0000000000000000FFFF000002001EAC:65C5 0000000000000000FFFF0000A507A8C0:CEF6 06 00000000:00000000 03:00000633 00000000     0        0 0 3 000000009d5272cd
   5: 0000000000000000FFFF000002001EAC:65C5 0000000000000000FFFF0000A507A8C0:C780 06 00000000:00000000 03:00000644 00000000     0        0 0 3 000000009cb34486
   6: 0000000000000000FFFF000002001EAC:65C5 0000000000000000FFFF0000A507A8C0:CEEE 06 00000000:00000000 03:00000633 00000000     0        0 0 3 000000004005b3a8
   7: 0000000000000000FFFF000002001EAC:65C5 0000000000000000FFFF0000A507A8C0:8836 06 00000000:00000000 03:00000000 00000000     0        0 0 3 0000000085de9e7c
   8: 0000000000000000FFFF000002001EAC:65C5 0000000000000000FFFF0000A507A8C0:CEE0 06 00000000:00000000 03:00000636 00000000     0        0 0 3 00000000ca8d32b3
   9: 0000000000000000FFFF000002001EAC:65C5 0000000000000000FFFF0000A507A8C0:CF04 06 00000000:00000000 03:00000633 00000000     0        0 0 3 00000000ddc9f476
timestamp 2025-09-10T04:52:04+00:00
  sl  local_address rem_address   st tx_queue rx_queue tr tm->when retrnsmt   uid  timeout inode                                                     
   0: 00000000:0947 00000000:0000 0A 00000000:00000000 00:00000000 00000000     0        0 3374 1 00000000c02401b0 100 0 0 10 0                      
   1: 00000000:6784 00000000:0000 0A 00000000:00000000 00:00000000 00000000     0        0 2805 1 000000008185227b 100 0 0 10 0                      
   2: 02001EAC:AA2E 7D121268:01BB 01 00000000:00000000 00:00000000 00000000  1000        0 8218 1 000000000a778bf5 20 4 26 10 -1                     
   3: 02001EAC:855C 51990634:01BB 01 00000000:00000000 00:00000000 00000000  1000        0 5641 1 00000000e6ce5bc1 26 4 31 10 -1                     
   4: 02001EAC:6784 A507A8C0:910E 01 00000000:00000000 00:00000000 00000000     0        0 3750 1 00000000208bd012 20 4 26 10 -1                     
   5: 02001EAC:90B4 778A3634:01BB 01 00000000:00000000 02:00000055 00000000  1000        0 5070 2 0000000042f12e22 27 4 31 10 -1                     
   6: 02001EAC:0947 A507A8C0:A960 01 00000000:00000000 00:00000000 00000000     0        0 1944 1 00000000e24cad1a 20 4 31 10 -1                     
   7: 02001EAC:D9A2 6F3CE122:01BB 01 00000000:00000000 02:00000DED 00000000  1000        0 6460 2 000000008e87f52f 26 4 23 10 -1                     
  sl  local_address                         remote_address                        st tx_queue rx_queue tr tm->when retrnsmt   uid  timeout inode
   0: 00000000000000000000000000000000:65C5 00000000000000000000000000000000:0000 0A 00000000:00000000 00:00000000 00000000  1000        0 4755 1 00000000e354c165 100 0 0 10 0
   1: 0000000000000000FFFF000002001EAC:65C5 0000000000000000FFFF0000A507A8C0:CF12 06 00000000:00000000 03:0000055F 00000000     0        0 0 3 00000000ef3648d0
   2: 0000000000000000FFFF000002001EAC:65C5 0000000000000000FFFF0000A507A8C0:CEDC 06 00000000:00000000 03:0000055F 00000000     0        0 0 3 000000001405b443
   3: 0000000000000000FFFF000002001EAC:65C5 0000000000000000FFFF0000A507A8C0:CED8 01 00000000:00000000 00:00000000 00000000  1000        0 15410 1 000000008fe60dc2 20 4 27 10 -1
   4: 0000000000000000FFFF000002001EAC:65C5 0000000000000000FFFF0000A507A8C0:CEF6 06 00000000:00000000 03:0000055F 00000000     0        0 0 3 000000009d5272cd
   5: 0000000000000000FFFF000002001EAC:65C5 0000000000000000FFFF0000A507A8C0:C780 06 00000000:00000000 03:00000570 00000000     0        0 0 3 000000009cb34486
   6: 0000000000000000FFFF000002001EAC:65C5 0000000000000000FFFF0000A507A8C0:CEEE 06 00000000:00000000 03:0000055F 00000000     0        0 0 3 000000004005b3a8
   7: 0000000000000000FFFF000002001EAC:65C5 0000000000000000FFFF0000A507A8C0:CEE0 06 00000000:00000000 03:00000562 00000000     0        0 0 3 00000000ca8d32b3
   8: 0000000000000000FFFF000002001EAC:65C5 0000000000000000FFFF0000A507A8C0:CF04 06 00000000:00000000 03:0000055F 00000000     0        0 0 3 00000000ddc9f476
timestamp 2025-09-10T04:52:06+00:00
  sl  local_address rem_address   st tx_queue rx_queue tr tm->when retrnsmt   uid  timeout inode                                                     
   0: 00000000:0947 00000000:0000 0A 00000000:00000000 00:00000000 00000000     0        0 3374 1 00000000c02401b0 100 0 0 10 0                      
   1: 00000000:6784 00000000:0000 0A 00000000:00000000 00:00000000 00000000     0        0 2805 1 000000008185227b 100 0 0 10 0                      
   2: 02001EAC:AA2E 7D121268:01BB 01 00000000:00000000 00:00000000 00000000  1000        0 8218 1 000000000a778bf5 20 4 26 10 -1                     
   3: 02001EAC:855C 51990634:01BB 01 00000000:00000000 00:00000000 00000000  1000        0 5641 1 00000000e6ce5bc1 26 4 31 10 -1                     
   4: 02001EAC:6784 A507A8C0:910E 01 00000000:00000000 00:00000000 00000000     0        0 3750 1 00000000208bd012 20 4 26 10 -1                     
   5: 02001EAC:90B4 778A3634:01BB 01 00000000:00000000 02:0000111B 00000000  1000        0 5070 2 0000000042f12e22 27 4 31 10 -1                     
   6: 02001EAC:0947 A507A8C0:A960 01 00000000:00000000 00:00000000 00000000     0        0 1944 1 00000000e24cad1a 20 4 31 10 -1                     
   7: 02001EAC:D9A2 6F3CE122:01BB 01 00000000:00000000 02:00000D19 00000000  1000        0 6460 2 000000008e87f52f 26 4 23 10 -1                     
  sl  local_address                         remote_address                        st tx_queue rx_queue tr tm->when retrnsmt   uid  timeout inode
   0: 00000000000000000000000000000000:65C5 00000000000000000000000000000000:0000 0A 00000000:00000000 00:00000000 00000000  1000        0 4755 1 00000000e354c165 100 0 0 10 0
   1: 0000000000000000FFFF000002001EAC:65C5 0000000000000000FFFF0000A507A8C0:CF12 06 00000000:00000000 03:0000048B 00000000     0        0 0 3 00000000ef3648d0
   2: 0000000000000000FFFF000002001EAC:65C5 0000000000000000FFFF0000A507A8C0:CEDC 06 00000000:00000000 03:0000048B 00000000     0        0 0 3 000000001405b443
   3: 0000000000000000FFFF000002001EAC:65C5 0000000000000000FFFF0000A507A8C0:CED8 01 00000000:00000000 00:00000000 00000000  1000        0 15410 1 000000008fe60dc2 20 4 27 10 -1
   4: 0000000000000000FFFF000002001EAC:65C5 0000000000000000FFFF0000A507A8C0:CEF6 06 00000000:00000000 03:0000048B 00000000     0        0 0 3 000000009d5272cd
   5: 0000000000000000FFFF000002001EAC:65C5 0000000000000000FFFF0000A507A8C0:C780 06 00000000:00000000 03:0000049C 00000000     0        0 0 3 000000009cb34486
   6: 0000000000000000FFFF000002001EAC:65C5 0000000000000000FFFF0000A507A8C0:CEEE 06 00000000:00000000 03:0000048B 00000000     0        0 0 3 000000004005b3a8
   7: 0000000000000000FFFF000002001EAC:65C5 0000000000000000FFFF0000A507A8C0:CEE0 06 00000000:00000000 03:0000048E 00000000     0        0 0 3 00000000ca8d32b3
   8: 0000000000000000FFFF000002001EAC:65C5 0000000000000000FFFF0000A507A8C0:CF04 06 00000000:00000000 03:0000048B 00000000     0        0 0 3 00000000ddc9f476
timestamp 2025-09-10T04:52:08+00:00
  sl  local_address rem_address   st tx_queue rx_queue tr tm->when retrnsmt   uid  timeout inode                                                     
   0: 00000000:0947 00000000:0000 0A 00000000:00000000 00:00000000 00000000     0        0 3374 1 00000000c02401b0 100 0 0 10 0                      
   1: 00000000:6784 00000000:0000 0A 00000000:00000000 00:00000000 00000000     0        0 2805 1 000000008185227b 100 0 0 10 0                      
   2: 02001EAC:AA2E 7D121268:01BB 01 00000000:00000000 00:00000000 00000000  1000        0 8218 1 000000000a778bf5 20 4 26 10 -1                     
   3: 02001EAC:855C 51990634:01BB 01 00000000:00000000 00:00000000 00000000  1000        0 5641 1 00000000e6ce5bc1 26 4 31 10 -1                     
   4: 02001EAC:6784 A507A8C0:910E 01 00000000:00000000 00:00000000 00000000     0        0 3750 1 00000000208bd012 20 4 26 10 -1                     
   5: 02001EAC:90B4 778A3634:01BB 01 00000000:00000000 02:00001048 00000000  1000        0 5070 2 0000000042f12e22 27 4 31 10 -1                     
   6: 02001EAC:0947 A507A8C0:A960 01 00000000:00000000 00:00000000 00000000     0        0 1944 1 00000000e24cad1a 20 4 31 10 -1                     
   7: 02001EAC:D9A2 6F3CE122:01BB 01 00000000:00000000 02:00000C45 00000000  1000        0 6460 2 000000008e87f52f 26 4 23 10 -1                     
  sl  local_address                         remote_address                        st tx_queue rx_queue tr tm->when retrnsmt   uid  timeout inode
   0: 00000000000000000000000000000000:65C5 00000000000000000000000000000000:0000 0A 00000000:00000000 00:00000000 00000000  1000        0 4755 1 00000000e354c165 100 0 0 10 0
   1: 0000000000000000FFFF000002001EAC:65C5 0000000000000000FFFF0000A507A8C0:CF12 06 00000000:00000000 03:000003B7 00000000     0        0 0 3 00000000ef3648d0
   2: 0000000000000000FFFF000002001EAC:65C5 0000000000000000FFFF0000A507A8C0:CEDC 06 00000000:00000000 03:000003B7 00000000     0        0 0 3 000000001405b443
   3: 0000000000000000FFFF000002001EAC:65C5 0000000000000000FFFF0000A507A8C0:CED8 06 00000000:00000000 03:0000174D 00000000     0        0 0 3 0000000085de9e7c
   4: 0000000000000000FFFF000002001EAC:65C5 0000000000000000FFFF0000A507A8C0:CEF6 06 00000000:00000000 03:000003B7 00000000     0        0 0 3 000000009d5272cd
   5: 0000000000000000FFFF000002001EAC:65C5 0000000000000000FFFF0000A507A8C0:C780 06 00000000:00000000 03:000003C9 00000000     0        0 0 3 000000009cb34486
   6: 0000000000000000FFFF000002001EAC:65C5 0000000000000000FFFF0000A507A8C0:CEEE 06 00000000:00000000 03:000003B7 00000000     0        0 0 3 000000004005b3a8
   7: 0000000000000000FFFF000002001EAC:65C5 0000000000000000FFFF0000A507A8C0:CEE0 06 00000000:00000000 03:000003BA 00000000     0        0 0 3 00000000ca8d32b3
   8: 0000000000000000FFFF000002001EAC:65C5 0000000000000000FFFF0000A507A8C0:E914 01 00000000:00000000 00:00000000 00000000  1000        0 19733 2 000000008fe60dc2 20 4 27 10 -1
   9: 0000000000000000FFFF000002001EAC:65C5 0000000000000000FFFF0000A507A8C0:CF04 06 00000000:00000000 03:000003B7 00000000     0        0 0 3 00000000ddc9f476
timestamp 2025-09-10T04:52:10+00:00
  sl  local_address rem_address   st tx_queue rx_queue tr tm->when retrnsmt   uid  timeout inode                                                     
   0: 00000000:0947 00000000:0000 0A 00000000:00000000 00:00000000 00000000     0        0 3374 1 00000000c02401b0 100 0 0 10 0                      
   1: 00000000:6784 00000000:0000 0A 00000000:00000000 00:00000000 00000000     0        0 2805 1 000000008185227b 100 0 0 10 0                      
   2: 02001EAC:AA2E 7D121268:01BB 01 00000000:00000000 00:00000000 00000000  1000        0 8218 1 000000000a778bf5 20 4 26 10 -1                     
   3: 02001EAC:855C 51990634:01BB 01 00000000:00000000 00:00000000 00000000  1000        0 5641 1 00000000e6ce5bc1 26 4 31 10 -1                     
   4: 02001EAC:6784 A507A8C0:910E 01 00000000:00000000 00:00000000 00000000     0        0 3750 1 00000000208bd012 20 4 26 10 -1                     
   5: 02001EAC:90B4 778A3634:01BB 01 00000000:00000000 02:00000F73 00000000  1000        0 5070 2 0000000042f12e22 27 4 31 10 -1                     
   6: 02001EAC:0947 A507A8C0:A960 01 00000000:00000000 00:00000000 00000000     0        0 1944 1 00000000e24cad1a 20 4 31 10 -1                     
   7: 02001EAC:D9A2 6F3CE122:01BB 01 00000000:00000000 02:00000B71 00000000  1000        0 6460 2 000000008e87f52f 26 4 23 10 -1                     
  sl  local_address                         remote_address                        st tx_queue rx_queue tr tm->when retrnsmt   uid  timeout inode
   0: 00000000000000000000000000000000:65C5 00000000000000000000000000000000:0000 0A 00000000:00000000 00:00000000 00000000  1000        0 4755 1 00000000e354c165 100 0 0 10 0
   1: 0000000000000000FFFF000002001EAC:65C5 0000000000000000FFFF0000A507A8C0:CF12 06 00000000:00000000 03:000002E3 00000000     0        0 0 3 00000000ef3648d0
   2: 0000000000000000FFFF000002001EAC:65C5 0000000000000000FFFF0000A507A8C0:CEDC 06 00000000:00000000 03:000002E3 00000000     0        0 0 3 000000001405b443
   3: 0000000000000000FFFF000002001EAC:65C5 0000000000000000FFFF0000A507A8C0:CED8 06 00000000:00000000 03:00001679 00000000     0        0 0 3 0000000085de9e7c
   4: 0000000000000000FFFF000002001EAC:65C5 0000000000000000FFFF0000A507A8C0:CEF6 06 00000000:00000000 03:000002E3 00000000     0        0 0 3 000000009d5272cd
   5: 0000000000000000FFFF000002001EAC:65C5 0000000000000000FFFF0000A507A8C0:C780 06 00000000:00000000 03:000002F4 00000000     0        0 0 3 000000009cb34486
   6: 0000000000000000FFFF000002001EAC:65C5 0000000000000000FFFF0000A507A8C0:CEEE 06 00000000:00000000 03:000002E3 00000000     0        0 0 3 000000004005b3a8
   7: 0000000000000000FFFF000002001EAC:65C5 0000000000000000FFFF0000A507A8C0:CEE0 06 00000000:00000000 03:000002E6 00000000     0        0 0 3 00000000ca8d32b3
   8: 0000000000000000FFFF000002001EAC:65C5 0000000000000000FFFF0000A507A8C0:E914 01 00000000:00000000 00:00000000 00000000  1000        0 19733 1 000000008fe60dc2 20 4 27 10 -1
   9: 0000000000000000FFFF000002001EAC:65C5 0000000000000000FFFF0000A507A8C0:CF04 06 00000000:00000000 03:000002E3 00000000     0        0 0 3 00000000ddc9f476
timestamp 2025-09-10T04:52:12+00:00
  sl  local_address rem_address   st tx_queue rx_queue tr tm->when retrnsmt   uid  timeout inode                                                     
   0: 00000000:0947 00000000:0000 0A 00000000:00000000 00:00000000 00000000     0        0 3374 1 00000000c02401b0 100 0 0 10 0                      
   1: 00000000:6784 00000000:0000 0A 00000000:00000000 00:00000000 00000000     0        0 2805 1 000000008185227b 100 0 0 10 0                      
   2: 02001EAC:AA2E 7D121268:01BB 01 00000000:00000000 00:00000000 00000000  1000        0 8218 1 000000000a778bf5 20 4 26 10 -1                     
   3: 02001EAC:855C 51990634:01BB 01 00000000:00000000 00:00000000 00000000  1000        0 5641 1 00000000e6ce5bc1 26 4 31 10 -1                     
   4: 02001EAC:6784 A507A8C0:910E 01 00000000:00000000 00:00000000 00000000     0        0 3750 1 00000000208bd012 20 4 26 10 -1                     
   5: 02001EAC:90B4 778A3634:01BB 01 00000000:00000000 02:00000E9F 00000000  1000        0 5070 2 0000000042f12e22 27 4 31 10 -1                     
   6: 02001EAC:0947 A507A8C0:A960 01 00000000:00000000 00:00000000 00000000     0        0 1944 1 00000000e24cad1a 20 4 31 10 -1                     
   7: 02001EAC:D9A2 6F3CE122:01BB 01 00000000:00000000 02:00000A9C 00000000  1000        0 6460 2 000000008e87f52f 26 4 23 10 -1                     
  sl  local_address                         remote_address                        st tx_queue rx_queue tr tm->when retrnsmt   uid  timeout inode
   0: 00000000000000000000000000000000:65C5 00000000000000000000000000000000:0000 0A 00000000:00000000 00:00000000 00000000  1000        0 4755 1 00000000e354c165 100 0 0 10 0
   1: 0000000000000000FFFF000002001EAC:65C5 0000000000000000FFFF0000A507A8C0:CF12 06 00000000:00000000 03:0000020E 00000000     0        0 0 3 00000000ef3648d0
   2: 0000000000000000FFFF000002001EAC:65C5 0000000000000000FFFF0000A507A8C0:CEDC 06 00000000:00000000 03:0000020E 00000000     0        0 0 3 000000001405b443
   3: 0000000000000000FFFF000002001EAC:65C5 0000000000000000FFFF0000A507A8C0:CED8 06 00000000:00000000 03:000015A4 00000000     0        0 0 3 0000000085de9e7c
   4: 0000000000000000FFFF000002001EAC:65C5 0000000000000000FFFF0000A507A8C0:CEF6 06 00000000:00000000 03:0000020E 00000000     0        0 0 3 000000009d5272cd
   5: 0000000000000000FFFF000002001EAC:65C5 0000000000000000FFFF0000A507A8C0:C780 06 00000000:00000000 03:00000220 00000000     0        0 0 3 000000009cb34486
   6: 0000000000000000FFFF000002001EAC:65C5 0000000000000000FFFF0000A507A8C0:CEEE 06 00000000:00000000 03:0000020E 00000000     0        0 0 3 000000004005b3a8
   7: 0000000000000000FFFF000002001EAC:65C5 0000000000000000FFFF0000A507A8C0:CEE0 06 00000000:00000000 03:00000211 00000000     0        0 0 3 00000000ca8d32b3
   8: 0000000000000000FFFF000002001EAC:65C5 0000000000000000FFFF0000A507A8C0:E914 01 00000000:00000000 00:00000000 00000000  1000        0 19733 1 000000008fe60dc2 20 4 27 10 -1
   9: 0000000000000000FFFF000002001EAC:65C5 0000000000000000FFFF0000A507A8C0:CF04 06 00000000:00000000 03:0000020E 00000000     0        0 0 3 00000000ddc9f476
timestamp 2025-09-10T04:52:14+00:00
  sl  local_address rem_address   st tx_queue rx_queue tr tm->when retrnsmt   uid  timeout inode                                                     
   0: 00000000:0947 00000000:0000 0A 00000000:00000000 00:00000000 00000000     0        0 3374 1 00000000c02401b0 100 0 0 10 0                      
   1: 00000000:6784 00000000:0000 0A 00000000:00000000 00:00000000 00000000     0        0 2805 1 000000008185227b 100 0 0 10 0                      
   2: 02001EAC:AA2E 7D121268:01BB 01 00000000:00000000 00:00000000 00000000  1000        0 8218 1 000000000a778bf5 20 4 26 10 -1                     
   3: 02001EAC:855C 51990634:01BB 01 00000000:00000000 00:00000000 00000000  1000        0 5641 1 00000000e6ce5bc1 26 4 31 10 -1                     
   4: 02001EAC:6784 A507A8C0:910E 01 00000000:00000000 00:00000000 00000000     0        0 3750 1 00000000208bd012 20 4 26 10 -1                     
   5: 02001EAC:90B4 778A3634:01BB 01 00000000:00000000 02:00000DCB 00000000  1000        0 5070 2 0000000042f12e22 27 4 31 10 -1                     
   6: 02001EAC:0947 A507A8C0:A960 01 00000000:00000000 00:00000000 00000000     0        0 1944 1 00000000e24cad1a 20 4 31 10 -1                     
   7: 02001EAC:D9A2 6F3CE122:01BB 01 00000000:00000000 02:000009C9 00000000  1000        0 6460 2 000000008e87f52f 26 4 23 10 -1                     
  sl  local_address                         remote_address                        st tx_queue rx_queue tr tm->when retrnsmt   uid  timeout inode
   0: 00000000000000000000000000000000:65C5 00000000000000000000000000000000:0000 0A 00000000:00000000 00:00000000 00000000  1000        0 4755 1 00000000e354c165 100 0 0 10 0
   1: 0000000000000000FFFF000002001EAC:65C5 0000000000000000FFFF0000A507A8C0:CF12 06 00000000:00000000 03:0000013B 00000000     0        0 0 3 00000000ef3648d0
   2: 0000000000000000FFFF000002001EAC:65C5 0000000000000000FFFF0000A507A8C0:CEDC 06 00000000:00000000 03:0000013B 00000000     0        0 0 3 000000001405b443
   3: 0000000000000000FFFF000002001EAC:65C5 0000000000000000FFFF0000A507A8C0:CED8 06 00000000:00000000 03:000014D1 00000000     0        0 0 3 0000000085de9e7c
   4: 0000000000000000FFFF000002001EAC:65C5 0000000000000000FFFF0000A507A8C0:CEF6 06 00000000:00000000 03:0000013B 00000000     0        0 0 3 000000009d5272cd
   5: 0000000000000000FFFF000002001EAC:65C5 0000000000000000FFFF0000A507A8C0:C780 06 00000000:00000000 03:0000014C 00000000     0        0 0 3 000000009cb34486
   6: 0000000000000000FFFF000002001EAC:65C5 0000000000000000FFFF0000A507A8C0:CEEE 06 00000000:00000000 03:0000013B 00000000     0        0 0 3 000000004005b3a8
   7: 0000000000000000FFFF000002001EAC:65C5 0000000000000000FFFF0000A507A8C0:CEE0 06 00000000:00000000 03:0000013E 00000000     0        0 0 3 00000000ca8d32b3
   8: 0000000000000000FFFF000002001EAC:65C5 0000000000000000FFFF0000A507A8C0:E914 01 00000000:00000000 00:00000000 00000000  1000        0 19733 1 000000008fe60dc2 20 4 27 10 -1
   9: 0000000000000000FFFF000002001EAC:65C5 0000000000000000FFFF0000A507A8C0:CF04 06 00000000:00000000 03:0000013B 00000000     0        0 0 3 00000000ddc9f476
timestamp 2025-09-10T04:52:16+00:00
  sl  local_address rem_address   st tx_queue rx_queue tr tm->when retrnsmt   uid  timeout inode                                                     
   0: 00000000:0947 00000000:0000 0A 00000000:00000000 00:00000000 00000000     0        0 3374 1 00000000c02401b0 100 0 0 10 0                      
   1: 00000000:6784 00000000:0000 0A 00000000:00000000 00:00000000 00000000     0        0 2805 1 000000008185227b 100 0 0 10 0                      
   2: 02001EAC:AA2E 7D121268:01BB 01 00000000:00000000 00:00000000 00000000  1000        0 8218 1 000000000a778bf5 20 4 26 10 -1                     
   3: 02001EAC:855C 51990634:01BB 01 00000000:00000000 00:00000000 00000000  1000        0 5641 1 00000000e6ce5bc1 26 4 31 10 -1                     
   4: 02001EAC:6784 A507A8C0:910E 01 00000000:00000000 00:00000000 00000000     0        0 3750 1 00000000208bd012 20 4 26 10 -1                     
   5: 02001EAC:90B4 778A3634:01BB 01 00000000:00000000 02:00000CF7 00000000  1000        0 5070 2 0000000042f12e22 27 4 31 10 -1                     
   6: 02001EAC:0947 A507A8C0:A960 01 00000000:00000000 00:00000000 00000000     0        0 1944 1 00000000e24cad1a 20 4 31 10 -1                     
   7: 02001EAC:D9A2 6F3CE122:01BB 01 00000000:00000000 02:000008F5 00000000  1000        0 6460 2 000000008e87f52f 26 4 23 10 -1                     
  sl  local_address                         remote_address                        st tx_queue rx_queue tr tm->when retrnsmt   uid  timeout inode
   0: 00000000000000000000000000000000:65C5 00000000000000000000000000000000:0000 0A 00000000:00000000 00:00000000 00000000  1000        0 4755 1 00000000e354c165 100 0 0 10 0
   1: 0000000000000000FFFF000002001EAC:65C5 0000000000000000FFFF0000A507A8C0:CF12 06 00000000:00000000 03:00000067 00000000     0        0 0 3 00000000ef3648d0
   2: 0000000000000000FFFF000002001EAC:65C5 0000000000000000FFFF0000A507A8C0:CEDC 06 00000000:00000000 03:00000067 00000000     0        0 0 3 000000001405b443
   3: 0000000000000000FFFF000002001EAC:65C5 0000000000000000FFFF0000A507A8C0:CED8 06 00000000:00000000 03:000013FD 00000000     0        0 0 3 0000000085de9e7c
   4: 0000000000000000FFFF000002001EAC:65C5 0000000000000000FFFF0000A507A8C0:CEF6 06 00000000:00000000 03:00000067 00000000     0        0 0 3 000000009d5272cd
   5: 0000000000000000FFFF000002001EAC:65C5 0000000000000000FFFF0000A507A8C0:C780 06 00000000:00000000 03:00000078 00000000     0        0 0 3 000000009cb34486
   6: 0000000000000000FFFF000002001EAC:65C5 0000000000000000FFFF0000A507A8C0:CEEE 06 00000000:00000000 03:00000067 00000000     0        0 0 3 000000004005b3a8
   7: 0000000000000000FFFF000002001EAC:65C5 0000000000000000FFFF0000A507A8C0:CEE0 06 00000000:00000000 03:0000006A 00000000     0        0 0 3 00000000ca8d32b3
   8: 0000000000000000FFFF000002001EAC:65C5 0000000000000000FFFF0000A507A8C0:E914 01 00000000:00000000 00:00000000 00000000  1000        0 19733 1 000000008fe60dc2 20 4 27 10 -1
   9: 0000000000000000FFFF000002001EAC:65C5 0000000000000000FFFF0000A507A8C0:CF04 06 00000000:00000000 03:00000067 00000000     0        0 0 3 00000000ddc9f476
timestamp 2025-09-10T04:52:18+00:00
  sl  local_address rem_address   st tx_queue rx_queue tr tm->when retrnsmt   uid  timeout inode                                                     
   0: 00000000:0947 00000000:0000 0A 00000000:00000000 00:00000000 00000000     0        0 3374 1 00000000c02401b0 100 0 0 10 0                      
   1: 00000000:6784 00000000:0000 0A 00000000:00000000 00:00000000 00000000     0        0 2805 1 000000008185227b 100 0 0 10 0                      
   2: 02001EAC:AA2E 7D121268:01BB 01 00000000:00000000 00:00000000 00000000  1000        0 8218 1 000000000a778bf5 20 4 26 10 -1                     
   3: 02001EAC:855C 51990634:01BB 01 00000000:00000000 00:00000000 00000000  1000        0 5641 1 00000000e6ce5bc1 26 4 31 10 -1                     
   4: 02001EAC:6784 A507A8C0:910E 01 00000000:00000000 00:00000000 00000000     0        0 3750 1 00000000208bd012 20 4 26 10 -1                     
   5: 02001EAC:90B4 778A3634:01BB 01 00000000:00000000 02:00000C23 00000000  1000        0 5070 2 0000000042f12e22 27 4 31 10 -1                     
   6: 02001EAC:0947 A507A8C0:A960 01 00000000:00000000 00:00000000 00000000     0        0 1944 1 00000000e24cad1a 20 4 31 10 -1                     
   7: 02001EAC:D9A2 6F3CE122:01BB 01 00000000:00000000 02:00000821 00000000  1000        0 6460 2 000000008e87f52f 26 4 23 10 -1                     
  sl  local_address                         remote_address                        st tx_queue rx_queue tr tm->when retrnsmt   uid  timeout inode
   0: 00000000000000000000000000000000:65C5 00000000000000000000000000000000:0000 0A 00000000:00000000 00:00000000 00000000  1000        0 4755 1 00000000e354c165 100 0 0 10 0
   1: 0000000000000000FFFF000002001EAC:65C5 0000000000000000FFFF0000A507A8C0:CF12 06 00000000:00000000 03:00000000 00000000     0        0 0 3 00000000ef3648d0
   2: 0000000000000000FFFF000002001EAC:65C5 0000000000000000FFFF0000A507A8C0:CEDC 06 00000000:00000000 03:00000000 00000000     0        0 0 3 000000001405b443
   3: 0000000000000000FFFF000002001EAC:65C5 0000000000000000FFFF0000A507A8C0:CED8 06 00000000:00000000 03:00001329 00000000     0        0 0 3 0000000085de9e7c
   4: 0000000000000000FFFF000002001EAC:65C5 0000000000000000FFFF0000A507A8C0:CEF6 06 00000000:00000000 03:00000000 00000000     0        0 0 3 000000009d5272cd
   5: 0000000000000000FFFF000002001EAC:65C5 0000000000000000FFFF0000A507A8C0:C780 06 00000000:00000000 03:00000000 00000000     0        0 0 3 000000009cb34486
   6: 0000000000000000FFFF000002001EAC:65C5 0000000000000000FFFF0000A507A8C0:CEEE 06 00000000:00000000 03:00000000 00000000     0        0 0 3 000000004005b3a8
   7: 0000000000000000FFFF000002001EAC:65C5 0000000000000000FFFF0000A507A8C0:CEE0 06 00000000:00000000 03:00000000 00000000     0        0 0 3 00000000ca8d32b3
   8: 0000000000000000FFFF000002001EAC:65C5 0000000000000000FFFF0000A507A8C0:E914 01 00000000:00000000 00:00000000 00000000  1000        0 19733 1 000000008fe60dc2 20 4 27 10 -1
   9: 0000000000000000FFFF000002001EAC:65C5 0000000000000000FFFF0000A507A8C0:CF04 06 00000000:00000000 03:00000000 00000000     0        0 0 3 00000000ddc9f476
timestamp 2025-09-10T04:52:21+00:00
  sl  local_address rem_address   st tx_queue rx_queue tr tm->when retrnsmt   uid  timeout inode                                                     
   0: 00000000:0947 00000000:0000 0A 00000000:00000000 00:00000000 00000000     0        0 3374 1 00000000c02401b0 100 0 0 10 0                      
   1: 00000000:6784 00000000:0000 0A 00000000:00000000 00:00000000 00000000     0        0 2805 1 000000008185227b 100 0 0 10 0                      
   2: 02001EAC:AA2E 7D121268:01BB 01 00000000:00000000 00:00000000 00000000  1000        0 8218 1 000000000a778bf5 20 4 26 10 -1                     
   3: 02001EAC:855C 51990634:01BB 01 00000000:00000000 00:00000000 00000000  1000        0 5641 1 00000000e6ce5bc1 26 4 31 10 -1                     
   4: 02001EAC:6784 A507A8C0:910E 01 00000000:00000000 00:00000000 00000000     0        0 3750 1 00000000208bd012 20 4 26 10 -1                     
   5: 02001EAC:90B4 778A3634:01BB 01 00000000:00000000 02:00000B4F 00000000  1000        0 5070 2 0000000042f12e22 27 4 31 10 -1                     
   6: 02001EAC:0947 A507A8C0:A960 01 00000000:00000000 00:00000000 00000000     0        0 1944 1 00000000e24cad1a 20 4 31 10 -1                     
   7: 02001EAC:D9A2 6F3CE122:01BB 01 00000000:00000000 02:0000074D 00000000  1000        0 6460 2 000000008e87f52f 26 4 23 10 -1                     
  sl  local_address                         remote_address                        st tx_queue rx_queue tr tm->when retrnsmt   uid  timeout inode
   0: 00000000000000000000000000000000:65C5 00000000000000000000000000000000:0000 0A 00000000:00000000 00:00000000 00000000  1000        0 4755 1 00000000e354c165 100 0 0 10 0
   1: 0000000000000000FFFF000002001EAC:65C5 0000000000000000FFFF0000A507A8C0:CED8 06 00000000:00000000 03:00001255 00000000     0        0 0 3 0000000085de9e7c
   2: 0000000000000000FFFF000002001EAC:65C5 0000000000000000FFFF0000A507A8C0:E914 01 00000000:00000000 00:00000000 00000000  1000        0 19733 1 000000008fe60dc2 20 4 27 10 -1
timestamp 2025-09-10T04:52:23+00:00
  sl  local_address rem_address   st tx_queue rx_queue tr tm->when retrnsmt   uid  timeout inode                                                     
   0: 00000000:0947 00000000:0000 0A 00000000:00000000 00:00000000 00000000     0        0 3374 1 00000000c02401b0 100 0 0 10 0                      
   1: 00000000:6784 00000000:0000 0A 00000000:00000000 00:00000000 00000000     0        0 2805 1 000000008185227b 100 0 0 10 0                      
   2: 02001EAC:AA2E 7D121268:01BB 01 00000000:00000000 00:00000000 00000000  1000        0 8218 1 000000000a778bf5 20 4 26 10 -1                     
   3: 02001EAC:855C 51990634:01BB 01 00000000:00000000 00:00000000 00000000  1000        0 5641 1 00000000e6ce5bc1 26 4 31 10 -1                     
   4: 02001EAC:6784 A507A8C0:910E 01 00000000:00000000 00:00000000 00000000     0        0 3750 1 00000000208bd012 20 4 26 10 -1                     
   5: 02001EAC:90B4 778A3634:01BB 01 00000000:00000000 02:00000A7B 00000000  1000        0 5070 2 0000000042f12e22 27 4 31 10 -1                     
   6: 02001EAC:0947 A507A8C0:A960 01 00000000:00000000 00:00000000 00000000     0        0 1944 1 00000000e24cad1a 20 4 31 10 -1                     
   7: 02001EAC:D9A2 6F3CE122:01BB 01 00000000:00000000 02:00000679 00000000  1000        0 6460 2 000000008e87f52f 26 4 23 10 -1                     
  sl  local_address                         remote_address                        st tx_queue rx_queue tr tm->when retrnsmt   uid  timeout inode
   0: 00000000000000000000000000000000:65C5 00000000000000000000000000000000:0000 0A 00000000:00000000 00:00000000 00000000  1000        0 4755 1 00000000e354c165 100 0 0 10 0
   1: 0000000000000000FFFF000002001EAC:65C5 0000000000000000FFFF0000A507A8C0:CED8 06 00000000:00000000 03:00001181 00000000     0        0 0 3 0000000085de9e7c
   2: 0000000000000000FFFF000002001EAC:65C5 0000000000000000FFFF0000A507A8C0:E914 01 00000000:00000000 00:00000000 00000000  1000        0 19733 2 000000008fe60dc2 20 4 27 10 -1
timestamp 2025-09-10T04:52:25+00:00
  sl  local_address rem_address   st tx_queue rx_queue tr tm->when retrnsmt   uid  timeout inode                                                     
   0: 00000000:0947 00000000:0000 0A 00000000:00000000 00:00000000 00000000     0        0 3374 1 00000000c02401b0 100 0 0 10 0                      
   1: 00000000:6784 00000000:0000 0A 00000000:00000000 00:00000000 00000000     0        0 2805 1 000000008185227b 100 0 0 10 0                      
   2: 02001EAC:AA2E 7D121268:01BB 01 00000000:00000000 00:00000000 00000000  1000        0 8218 1 000000000a778bf5 20 4 26 10 -1                     
   3: 02001EAC:855C 51990634:01BB 01 00000000:00000000 00:00000000 00000000  1000        0 5641 1 00000000e6ce5bc1 26 4 31 10 -1                     
   4: 02001EAC:6784 A507A8C0:910E 01 00000000:00000000 00:00000000 00000000     0        0 3750 1 00000000208bd012 20 4 26 10 -1                     
   5: 02001EAC:90B4 778A3634:01BB 01 00000000:00000000 02:000009A7 00000000  1000        0 5070 2 0000000042f12e22 27 4 31 10 -1                     
   6: 02001EAC:0947 A507A8C0:A960 01 00000000:00000000 00:00000000 00000000     0        0 1944 1 00000000e24cad1a 20 4 31 10 -1                     
   7: 02001EAC:D9A2 6F3CE122:01BB 01 00000000:00000000 02:000005A5 00000000  1000        0 6460 2 000000008e87f52f 26 4 23 10 -1                     
  sl  local_address                         remote_address                        st tx_queue rx_queue tr tm->when retrnsmt   uid  timeout inode
   0: 00000000000000000000000000000000:65C5 00000000000000000000000000000000:0000 0A 00000000:00000000 00:00000000 00000000  1000        0 4755 1 00000000e354c165 100 0 0 10 0
   1: 0000000000000000FFFF000002001EAC:65C5 0000000000000000FFFF0000A507A8C0:CED8 06 00000000:00000000 03:000010AD 00000000     0        0 0 3 0000000085de9e7c
   2: 0000000000000000FFFF000002001EAC:65C5 0000000000000000FFFF0000A507A8C0:E914 01 00000000:00000000 00:00000000 00000000  1000        0 19733 1 000000008fe60dc2 20 4 27 10 -1
timestamp 2025-09-10T04:52:27+00:00
  sl  local_address rem_address   st tx_queue rx_queue tr tm->when retrnsmt   uid  timeout inode                                                     
   0: 00000000:0947 00000000:0000 0A 00000000:00000000 00:00000000 00000000     0        0 3374 1 00000000c02401b0 100 0 0 10 0                      
   1: 00000000:6784 00000000:0000 0A 00000000:00000000 00:00000000 00000000     0        0 2805 1 000000008185227b 100 0 0 10 0                      
   2: 02001EAC:AA2E 7D121268:01BB 01 00000000:00000000 00:00000000 00000000  1000        0 8218 1 000000000a778bf5 20 4 26 10 -1                     
   3: 02001EAC:855C 51990634:01BB 01 00000000:00000000 00:00000000 00000000  1000        0 5641 1 00000000e6ce5bc1 26 4 31 10 -1                     
   4: 02001EAC:6784 A507A8C0:910E 01 00000000:00000000 00:00000000 00000000     0        0 3750 1 00000000208bd012 20 4 26 10 -1                     
   5: 02001EAC:90B4 778A3634:01BB 01 00000000:00000000 02:000008D3 00000000  1000        0 5070 2 0000000042f12e22 27 4 31 10 -1                     
   6: 02001EAC:0947 A507A8C0:A960 01 00000000:00000000 00:00000000 00000000     0        0 1944 1 00000000e24cad1a 20 4 31 10 -1                     
   7: 02001EAC:D9A2 6F3CE122:01BB 01 00000000:00000000 02:000004D0 00000000  1000        0 6460 2 000000008e87f52f 26 4 23 10 -1                     
  sl  local_address                         remote_address                        st tx_queue rx_queue tr tm->when retrnsmt   uid  timeout inode
   0: 00000000000000000000000000000000:65C5 00000000000000000000000000000000:0000 0A 00000000:00000000 00:00000000 00000000  1000        0 4755 1 00000000e354c165 100 0 0 10 0
   1: 0000000000000000FFFF000002001EAC:65C5 0000000000000000FFFF0000A507A8C0:CED8 06 00000000:00000000 03:00000FD8 00000000     0        0 0 3 0000000085de9e7c
   2: 0000000000000000FFFF000002001EAC:65C5 0000000000000000FFFF0000A507A8C0:E914 01 00000000:00000000 00:00000000 00000000  1000        0 19733 1 000000008fe60dc2 20 4 27 10 -1
timestamp 2025-09-10T04:52:29+00:00
  sl  local_address rem_address   st tx_queue rx_queue tr tm->when retrnsmt   uid  timeout inode                                                     
   0: 00000000:0947 00000000:0000 0A 00000000:00000000 00:00000000 00000000     0        0 3374 1 00000000c02401b0 100 0 0 10 0                      
   1: 00000000:6784 00000000:0000 0A 00000000:00000000 00:00000000 00000000     0        0 2805 1 000000008185227b 100 0 0 10 0                      
   2: 02001EAC:AA2E 7D121268:01BB 01 00000000:00000000 00:00000000 00000000  1000        0 8218 1 000000000a778bf5 20 4 26 10 -1                     
   3: 02001EAC:855C 51990634:01BB 01 00000000:00000000 00:00000000 00000000  1000        0 5641 1 00000000e6ce5bc1 26 4 31 10 -1                     
   4: 02001EAC:6784 A507A8C0:910E 01 00000000:00000000 00:00000000 00000000     0        0 3750 1 00000000208bd012 20 4 26 10 -1                     
   5: 02001EAC:90B4 778A3634:01BB 01 00000000:00000000 02:000007FF 00000000  1000        0 5070 2 0000000042f12e22 27 4 31 10 -1                     
   6: 02001EAC:0947 A507A8C0:A960 01 00000000:00000000 00:00000000 00000000     0        0 1944 1 00000000e24cad1a 20 4 31 10 -1                     
   7: 02001EAC:D9A2 6F3CE122:01BB 01 00000000:00000000 02:000003FD 00000000  1000        0 6460 2 000000008e87f52f 26 4 23 10 -1                     
  sl  local_address                         remote_address                        st tx_queue rx_queue tr tm->when retrnsmt   uid  timeout inode
   0: 00000000000000000000000000000000:65C5 00000000000000000000000000000000:0000 0A 00000000:00000000 00:00000000 00000000  1000        0 4755 1 00000000e354c165 100 0 0 10 0
   1: 0000000000000000FFFF000002001EAC:65C5 0000000000000000FFFF0000A507A8C0:CED8 06 00000000:00000000 03:00000F05 00000000     0        0 0 3 0000000085de9e7c
   2: 0000000000000000FFFF000002001EAC:65C5 0000000000000000FFFF0000A507A8C0:E914 01 00000000:00000000 00:00000000 00000000  1000        0 19733 1 000000008fe60dc2 20 4 27 10 -1
timestamp 2025-09-10T04:52:31+00:00
  sl  local_address rem_address   st tx_queue rx_queue tr tm->when retrnsmt   uid  timeout inode                                                     
   0: 00000000:0947 00000000:0000 0A 00000000:00000000 00:00000000 00000000     0        0 3374 1 00000000c02401b0 100 0 0 10 0                      
   1: 00000000:6784 00000000:0000 0A 00000000:00000000 00:00000000 00000000     0        0 2805 1 000000008185227b 100 0 0 10 0                      
   2: 02001EAC:AA2E 7D121268:01BB 01 00000000:00000000 00:00000000 00000000  1000        0 8218 2 000000000a778bf5 20 4 28 10 -1                     
   3: 02001EAC:855C 51990634:01BB 01 00000000:00000000 00:00000000 00000000  1000        0 5641 1 00000000e6ce5bc1 26 4 31 10 -1                     
   4: 02001EAC:6784 A507A8C0:910E 01 00000000:00000000 00:00000000 00000000     0        0 3750 1 00000000208bd012 20 4 26 10 -1                     
   5: 02001EAC:90B4 778A3634:01BB 01 00000000:00000000 02:0000072B 00000000  1000        0 5070 2 0000000042f12e22 27 4 31 10 -1                     
   6: 02001EAC:0947 A507A8C0:A960 01 00000000:00000000 00:00000000 00000000     0        0 1944 1 00000000e24cad1a 20 4 31 10 -1                     
   7: 02001EAC:D9A2 6F3CE122:01BB 01 00000000:00000000 02:00000329 00000000  1000        0 6460 2 000000008e87f52f 26 4 23 10 -1                     
  sl  local_address                         remote_address                        st tx_queue rx_queue tr tm->when retrnsmt   uid  timeout inode
   0: 00000000000000000000000000000000:65C5 00000000000000000000000000000000:0000 0A 00000000:00000000 00:00000000 00000000  1000        0 4755 1 00000000e354c165 100 0 0 10 0
   1: 0000000000000000FFFF000002001EAC:65C5 0000000000000000FFFF0000A507A8C0:CED8 06 00000000:00000000 03:00000E31 00000000     0        0 0 3 0000000085de9e7c
   2: 0000000000000000FFFF000002001EAC:65C5 0000000000000000FFFF0000A507A8C0:E914 01 00000000:00000000 00:00000000 00000000  1000        0 19733 1 000000008fe60dc2 20 4 27 10 -1
timestamp 2025-09-10T04:52:33+00:00
  sl  local_address rem_address   st tx_queue rx_queue tr tm->when retrnsmt   uid  timeout inode                                                     
   0: 00000000:0947 00000000:0000 0A 00000000:00000000 00:00000000 00000000     0        0 3374 1 00000000c02401b0 100 0 0 10 0                      
   1: 00000000:6784 00000000:0000 0A 00000000:00000000 00:00000000 00000000     0        0 2805 1 000000008185227b 100 0 0 10 0                      
   2: 02001EAC:AA2E 7D121268:01BB 01 00000000:00000000 00:00000000 00000000  1000        0 8218 1 000000000a778bf5 20 4 26 10 -1                     
   3: 02001EAC:855C 51990634:01BB 01 00000000:00000000 00:00000000 00000000  1000        0 5641 1 00000000e6ce5bc1 26 4 31 10 -1                     
   4: 02001EAC:6784 A507A8C0:910E 01 00000000:00000000 00:00000000 00000000     0        0 3750 1 00000000208bd012 20 4 26 10 -1                     
   5: 02001EAC:90B4 778A3634:01BB 01 00000000:00000000 02:00000657 00000000  1000        0 5070 2 0000000042f12e22 27 4 31 10 -1                     
   6: 02001EAC:0947 A507A8C0:A960 01 00000000:00000000 00:00000000 00000000     0        0 1944 1 00000000e24cad1a 20 4 31 10 -1                     
   7: 02001EAC:D9A2 6F3CE122:01BB 01 00000000:00000000 02:00000255 00000000  1000        0 6460 2 000000008e87f52f 26 4 23 10 -1                     
  sl  local_address                         remote_address                        st tx_queue rx_queue tr tm->when retrnsmt   uid  timeout inode
   0: 00000000000000000000000000000000:65C5 00000000000000000000000000000000:0000 0A 00000000:00000000 00:00000000 00000000  1000        0 4755 1 00000000e354c165 100 0 0 10 0
   1: 0000000000000000FFFF000002001EAC:65C5 0000000000000000FFFF0000A507A8C0:CED8 06 00000000:00000000 03:00000D5D 00000000     0        0 0 3 0000000085de9e7c
   2: 0000000000000000FFFF000002001EAC:65C5 0000000000000000FFFF0000A507A8C0:E914 01 00000000:00000000 00:00000000 00000000  1000        0 19733 1 000000008fe60dc2 20 4 27 10 -1
timestamp 2025-09-10T04:52:35+00:00
  sl  local_address rem_address   st tx_queue rx_queue tr tm->when retrnsmt   uid  timeout inode                                                     
   0: 00000000:0947 00000000:0000 0A 00000000:00000000 00:00000000 00000000     0        0 3374 1 00000000c02401b0 100 0 0 10 0                      
   1: 00000000:6784 00000000:0000 0A 00000000:00000000 00:00000000 00000000     0        0 2805 1 000000008185227b 100 0 0 10 0                      
   2: 02001EAC:AA2E 7D121268:01BB 01 00000000:00000000 00:00000000 00000000  1000        0 8218 1 000000000a778bf5 20 4 26 10 -1                     
   3: 02001EAC:855C 51990634:01BB 01 00000000:00000000 00:00000000 00000000  1000        0 5641 1 00000000e6ce5bc1 26 4 31 10 -1                     
   4: 02001EAC:6784 A507A8C0:910E 01 00000000:00000000 00:00000000 00000000     0        0 3750 1 00000000208bd012 20 4 26 10 -1                     
   5: 02001EAC:90B4 778A3634:01BB 01 00000000:00000000 02:00000583 00000000  1000        0 5070 2 0000000042f12e22 27 4 31 10 -1                     
   6: 02001EAC:0947 A507A8C0:A960 01 00000000:00000000 00:00000000 00000000     0        0 1944 1 00000000e24cad1a 20 4 31 10 -1                     
   7: 02001EAC:D9A2 6F3CE122:01BB 01 00000000:00000000 02:00000180 00000000  1000        0 6460 2 000000008e87f52f 26 4 23 10 -1                     
  sl  local_address                         remote_address                        st tx_queue rx_queue tr tm->when retrnsmt   uid  timeout inode
   0: 00000000000000000000000000000000:65C5 00000000000000000000000000000000:0000 0A 00000000:00000000 00:00000000 00000000  1000        0 4755 1 00000000e354c165 100 0 0 10 0
   1: 0000000000000000FFFF000002001EAC:65C5 0000000000000000FFFF0000A507A8C0:CED8 06 00000000:00000000 03:00000C88 00000000     0        0 0 3 0000000085de9e7c
   2: 0000000000000000FFFF000002001EAC:65C5 0000000000000000FFFF0000A507A8C0:E914 01 00000000:00000000 00:00000000 00000000  1000        0 19733 1 000000008fe60dc2 20 4 27 10 -1
timestamp 2025-09-10T04:52:38+00:00
  sl  local_address rem_address   st tx_queue rx_queue tr tm->when retrnsmt   uid  timeout inode                                                     
   0: 00000000:0947 00000000:0000 0A 00000000:00000000 00:00000000 00000000     0        0 3374 1 00000000c02401b0 100 0 0 10 0                      
   1: 00000000:6784 00000000:0000 0A 00000000:00000000 00:00000000 00000000     0        0 2805 1 000000008185227b 100 0 0 10 0                      
   2: 02001EAC:AA2E 7D121268:01BB 01 00000000:00000000 00:00000000 00000000  1000        0 8218 1 000000000a778bf5 20 4 26 10 -1                     
   3: 02001EAC:855C 51990634:01BB 01 00000000:00000000 00:00000000 00000000  1000        0 5641 1 00000000e6ce5bc1 26 4 31 10 -1                     
   4: 02001EAC:6784 A507A8C0:910E 01 00000000:00000000 00:00000000 00000000     0        0 3750 1 00000000208bd012 20 4 26 10 -1                     
   5: 02001EAC:90B4 778A3634:01BB 01 00000000:00000000 02:000004AF 00000000  1000        0 5070 2 0000000042f12e22 27 4 31 10 -1                     
   6: 02001EAC:0947 A507A8C0:A960 01 00000000:00000000 00:00000000 00000000     0        0 1944 1 00000000e24cad1a 20 4 31 10 -1                     
   7: 02001EAC:D9A2 6F3CE122:01BB 01 00000000:00000000 02:000000AD 00000000  1000        0 6460 2 000000008e87f52f 26 4 23 10 -1                     
  sl  local_address                         remote_address                        st tx_queue rx_queue tr tm->when retrnsmt   uid  timeout inode
   0: 00000000000000000000000000000000:65C5 00000000000000000000000000000000:0000 0A 00000000:00000000 00:00000000 00000000  1000        0 4755 1 00000000e354c165 100 0 0 10 0
   1: 0000000000000000FFFF000002001EAC:65C5 0000000000000000FFFF0000A507A8C0:CED8 06 00000000:00000000 03:00000BB4 00000000     0        0 0 3 0000000085de9e7c
   2: 0000000000000000FFFF000002001EAC:65C5 0000000000000000FFFF0000A507A8C0:E914 01 00000000:00000000 00:00000000 00000000  1000        0 19733 2 000000008fe60dc2 20 4 27 10 -1
timestamp 2025-09-10T04:52:40+00:00
  sl  local_address rem_address   st tx_queue rx_queue tr tm->when retrnsmt   uid  timeout inode                                                     
   0: 00000000:0947 00000000:0000 0A 00000000:00000000 00:00000000 00000000     0        0 3374 1 00000000c02401b0 100 0 0 10 0                      
   1: 00000000:6784 00000000:0000 0A 00000000:00000000 00:00000000 00000000     0        0 2805 1 000000008185227b 100 0 0 10 0                      
   2: 02001EAC:AA2E 7D121268:01BB 01 00000000:00000000 00:00000000 00000000  1000        0 8218 1 000000000a778bf5 20 4 26 10 -1                     
   3: 02001EAC:855C 51990634:01BB 01 00000000:00000000 00:00000000 00000000  1000        0 5641 1 00000000e6ce5bc1 26 4 31 10 -1                     
   4: 02001EAC:6784 A507A8C0:910E 01 00000000:00000000 00:00000000 00000000     0        0 3750 1 00000000208bd012 20 4 26 10 -1                     
   5: 02001EAC:90B4 778A3634:01BB 01 00000000:00000000 02:000003DB 00000000  1000        0 5070 2 0000000042f12e22 27 4 31 10 -1                     
   6: 02001EAC:0947 A507A8C0:A960 01 00000000:00000000 00:00000000 00000000     0        0 1944 1 00000000e24cad1a 20 4 31 10 -1                     
   7: 02001EAC:D9A2 6F3CE122:01BB 01 00000000:00000000 02:00001173 00000000  1000        0 6460 2 000000008e87f52f 26 4 23 10 -1                     
  sl  local_address                         remote_address                        st tx_queue rx_queue tr tm->when retrnsmt   uid  timeout inode
   0: 00000000000000000000000000000000:65C5 00000000000000000000000000000000:0000 0A 00000000:00000000 00:00000000 00000000  1000        0 4755 1 00000000e354c165 100 0 0 10 0
   1: 0000000000000000FFFF000002001EAC:65C5 0000000000000000FFFF0000A507A8C0:CED8 06 00000000:00000000 03:00000AE1 00000000     0        0 0 3 0000000085de9e7c
   2: 0000000000000000FFFF000002001EAC:65C5 0000000000000000FFFF0000A507A8C0:E914 01 00000000:00000000 00:00000000 00000000  1000        0 19733 1 000000008fe60dc2 20 4 27 10 -1
timestamp 2025-09-10T04:52:42+00:00
  sl  local_address rem_address   st tx_queue rx_queue tr tm->when retrnsmt   uid  timeout inode                                                     
   0: 00000000:0947 00000000:0000 0A 00000000:00000000 00:00000000 00000000     0        0 3374 1 00000000c02401b0 100 0 0 10 0                      
   1: 00000000:6784 00000000:0000 0A 00000000:00000000 00:00000000 00000000     0        0 2805 1 000000008185227b 100 0 0 10 0                      
   2: 02001EAC:AA2E 7D121268:01BB 01 00000000:00000000 00:00000000 00000000  1000        0 8218 1 000000000a778bf5 20 4 26 10 -1                     
   3: 02001EAC:855C 51990634:01BB 01 00000000:00000000 00:00000000 00000000  1000        0 5641 1 00000000e6ce5bc1 26 4 31 10 -1                     
   4: 02001EAC:6784 A507A8C0:910E 01 00000000:00000000 00:00000000 00000000     0        0 3750 1 00000000208bd012 20 4 26 10 -1                     
   5: 02001EAC:90B4 778A3634:01BB 01 00000000:00000000 02:00000307 00000000  1000        0 5070 2 0000000042f12e22 27 4 31 10 -1                     
   6: 02001EAC:0947 A507A8C0:A960 01 00000000:00000000 00:00000000 00000000     0        0 1944 1 00000000e24cad1a 20 4 31 10 -1                     
   7: 02001EAC:D9A2 6F3CE122:01BB 01 00000000:00000000 02:0000109F 00000000  1000        0 6460 2 000000008e87f52f 26 4 23 10 -1                     
  sl  local_address                         remote_address                        st tx_queue rx_queue tr tm->when retrnsmt   uid  timeout inode
   0: 00000000000000000000000000000000:65C5 00000000000000000000000000000000:0000 0A 00000000:00000000 00:00000000 00000000  1000        0 4755 1 00000000e354c165 100 0 0 10 0
   1: 0000000000000000FFFF000002001EAC:65C5 0000000000000000FFFF0000A507A8C0:CED8 06 00000000:00000000 03:00000A0D 00000000     0        0 0 3 0000000085de9e7c
   2: 0000000000000000FFFF000002001EAC:65C5 0000000000000000FFFF0000A507A8C0:E914 01 00000000:00000000 00:00000000 00000000  1000        0 19733 1 000000008fe60dc2 20 4 27 10 -1
timestamp 2025-09-10T04:52:44+00:00
  sl  local_address rem_address   st tx_queue rx_queue tr tm->when retrnsmt   uid  timeout inode                                                     
   0: 00000000:0947 00000000:0000 0A 00000000:00000000 00:00000000 00000000     0        0 3374 1 00000000c02401b0 100 0 0 10 0                      
   1: 00000000:6784 00000000:0000 0A 00000000:00000000 00:00000000 00000000     0        0 2805 1 000000008185227b 100 0 0 10 0                      
   2: 02001EAC:AA2E 7D121268:01BB 01 00000000:00000000 00:00000000 00000000  1000        0 8218 1 000000000a778bf5 20 4 26 10 -1                     
   3: 02001EAC:855C 51990634:01BB 01 00000000:00000000 00:00000000 00000000  1000        0 5641 1 00000000e6ce5bc1 26 4 31 10 -1                     
   4: 02001EAC:6784 A507A8C0:910E 01 00000000:00000000 00:00000000 00000000     0        0 3750 1 00000000208bd012 20 4 26 10 -1                     
   5: 02001EAC:90B4 778A3634:01BB 01 00000000:00000000 02:00000233 00000000  1000        0 5070 2 0000000042f12e22 27 4 31 10 -1                     
   6: 02001EAC:0947 A507A8C0:A960 01 00000000:00000000 00:00000000 00000000     0        0 1944 1 00000000e24cad1a 20 4 31 10 -1                     
   7: 02001EAC:D9A2 6F3CE122:01BB 01 00000000:00000000 02:00000FCB 00000000  1000        0 6460 2 000000008e87f52f 26 4 23 10 -1                     
  sl  local_address                         remote_address                        st tx_queue rx_queue tr tm->when retrnsmt   uid  timeout inode
   0: 00000000000000000000000000000000:65C5 00000000000000000000000000000000:0000 0A 00000000:00000000 00:00000000 00000000  1000        0 4755 1 00000000e354c165 100 0 0 10 0
   1: 0000000000000000FFFF000002001EAC:65C5 0000000000000000FFFF0000A507A8C0:CED8 06 00000000:00000000 03:00000939 00000000     0        0 0 3 0000000085de9e7c
   2: 0000000000000000FFFF000002001EAC:65C5 0000000000000000FFFF0000A507A8C0:E914 01 00000000:00000000 00:00000000 00000000  1000        0 19733 1 000000008fe60dc2 20 4 27 10 -1
timestamp 2025-09-10T04:52:46+00:00
  sl  local_address rem_address   st tx_queue rx_queue tr tm->when retrnsmt   uid  timeout inode                                                     
   0: 00000000:0947 00000000:0000 0A 00000000:00000000 00:00000000 00000000     0        0 3374 1 00000000c02401b0 100 0 0 10 0                      
   1: 00000000:6784 00000000:0000 0A 00000000:00000000 00:00000000 00000000     0        0 2805 1 000000008185227b 100 0 0 10 0                      
   2: 02001EAC:AA2E 7D121268:01BB 01 00000000:00000000 00:00000000 00000000  1000        0 8218 1 000000000a778bf5 20 4 26 10 -1                     
   3: 02001EAC:855C 51990634:01BB 01 00000000:00000000 00:00000000 00000000  1000        0 5641 1 00000000e6ce5bc1 26 4 31 10 -1                     
   4: 02001EAC:6784 A507A8C0:910E 01 00000000:00000000 00:00000000 00000000     0        0 3750 1 00000000208bd012 20 4 26 10 -1                     
   5: 02001EAC:90B4 778A3634:01BB 01 00000000:00000000 02:0000015F 00000000  1000        0 5070 2 0000000042f12e22 27 4 31 10 -1                     
   6: 02001EAC:0947 A507A8C0:A960 01 00000000:00000000 00:00000000 00000000     0        0 1944 1 00000000e24cad1a 20 4 31 10 -1                     
   7: 02001EAC:D9A2 6F3CE122:01BB 01 00000000:00000000 02:00000EF7 00000000  1000        0 6460 2 000000008e87f52f 26 4 23 10 -1                     
  sl  local_address                         remote_address                        st tx_queue rx_queue tr tm->when retrnsmt   uid  timeout inode
   0: 00000000000000000000000000000000:65C5 00000000000000000000000000000000:0000 0A 00000000:00000000 00:00000000 00000000  1000        0 4755 1 00000000e354c165 100 0 0 10 0
   1: 0000000000000000FFFF000002001EAC:65C5 0000000000000000FFFF0000A507A8C0:CED8 06 00000000:00000000 03:00000865 00000000     0        0 0 3 0000000085de9e7c
   2: 0000000000000000FFFF000002001EAC:65C5 0000000000000000FFFF0000A507A8C0:E914 01 00000000:00000000 00:00000000 00000000  1000        0 19733 1 000000008fe60dc2 20 4 27 10 -1
timestamp 2025-09-10T04:52:48+00:00
  sl  local_address rem_address   st tx_queue rx_queue tr tm->when retrnsmt   uid  timeout inode                                                     
   0: 00000000:0947 00000000:0000 0A 00000000:00000000 00:00000000 00000000     0        0 3374 1 00000000c02401b0 100 0 0 10 0                      
   1: 00000000:6784 00000000:0000 0A 00000000:00000000 00:00000000 00000000     0        0 2805 1 000000008185227b 100 0 0 10 0                      
   2: 02001EAC:AA2E 7D121268:01BB 01 00000000:00000000 00:00000000 00000000  1000        0 8218 1 000000000a778bf5 20 4 26 10 -1                     
   3: 02001EAC:855C 51990634:01BB 01 00000000:00000000 00:00000000 00000000  1000        0 5641 1 00000000e6ce5bc1 26 4 31 10 -1                     
   4: 02001EAC:6784 A507A8C0:910E 01 00000000:00000000 00:00000000 00000000     0        0 3750 1 00000000208bd012 20 4 26 10 -1                     
   5: 02001EAC:90B4 778A3634:01BB 01 00000000:00000000 02:0000008C 00000000  1000        0 5070 2 0000000042f12e22 27 4 31 10 -1                     
   6: 02001EAC:0947 A507A8C0:A960 01 00000000:00000000 00:00000000 00000000     0        0 1944 1 00000000e24cad1a 20 4 31 10 -1                     
   7: 02001EAC:D9A2 6F3CE122:01BB 01 00000000:00000000 02:00000E24 00000000  1000        0 6460 2 000000008e87f52f 26 4 23 10 -1                     
  sl  local_address                         remote_address                        st tx_queue rx_queue tr tm->when retrnsmt   uid  timeout inode
   0: 00000000000000000000000000000000:65C5 00000000000000000000000000000000:0000 0A 00000000:00000000 00:00000000 00000000  1000        0 4755 1 00000000e354c165 100 0 0 10 0
   1: 0000000000000000FFFF000002001EAC:65C5 0000000000000000FFFF0000A507A8C0:CED8 06 00000000:00000000 03:00000791 00000000     0        0 0 3 0000000085de9e7c
   2: 0000000000000000FFFF000002001EAC:65C5 0000000000000000FFFF0000A507A8C0:E914 01 00000000:00000000 00:00000000 00000000  1000        0 19733 1 000000008fe60dc2 20 4 27 10 -1
timestamp 2025-09-10T04:52:50+00:00
  sl  local_address rem_address   st tx_queue rx_queue tr tm->when retrnsmt   uid  timeout inode                                                     
   0: 00000000:0947 00000000:0000 0A 00000000:00000000 00:00000000 00000000     0        0 3374 1 00000000c02401b0 100 0 0 10 0                      
   1: 00000000:6784 00000000:0000 0A 00000000:00000000 00:00000000 00000000     0        0 2805 1 000000008185227b 100 0 0 10 0                      
   2: 02001EAC:AA2E 7D121268:01BB 01 00000000:00000000 00:00000000 00000000  1000        0 8218 1 000000000a778bf5 20 4 26 10 -1                     
   3: 02001EAC:855C 51990634:01BB 01 00000000:00000000 00:00000000 00000000  1000        0 5641 1 00000000e6ce5bc1 26 4 31 10 -1                     
   4: 02001EAC:6784 A507A8C0:910E 01 00000000:00000000 00:00000000 00000000     0        0 3750 1 00000000208bd012 20 4 26 10 -1                     
   5: 02001EAC:90B4 778A3634:01BB 01 00000000:00000000 02:00001152 00000000  1000        0 5070 2 0000000042f12e22 27 4 31 10 -1                     
   6: 02001EAC:0947 A507A8C0:A960 01 00000000:00000000 00:00000000 00000000     0        0 1944 1 00000000e24cad1a 20 4 31 10 -1                     
   7: 02001EAC:D9A2 6F3CE122:01BB 01 00000000:00000000 02:00000D50 00000000  1000        0 6460 2 000000008e87f52f 26 4 23 10 -1                     
  sl  local_address                         remote_address                        st tx_queue rx_queue tr tm->when retrnsmt   uid  timeout inode
   0: 00000000000000000000000000000000:65C5 00000000000000000000000000000000:0000 0A 00000000:00000000 00:00000000 00000000  1000        0 4755 1 00000000e354c165 100 0 0 10 0
   1: 0000000000000000FFFF000002001EAC:65C5 0000000000000000FFFF0000A507A8C0:CED8 06 00000000:00000000 03:000006BD 00000000     0        0 0 3 0000000085de9e7c
   2: 0000000000000000FFFF000002001EAC:65C5 0000000000000000FFFF0000A507A8C0:E914 01 00000000:00000000 00:00000000 00000000  1000        0 19733 1 000000008fe60dc2 20 4 27 10 -1
timestamp 2025-09-10T04:52:52+00:00
  sl  local_address rem_address   st tx_queue rx_queue tr tm->when retrnsmt   uid  timeout inode                                                     
   0: 00000000:0947 00000000:0000 0A 00000000:00000000 00:00000000 00000000     0        0 3374 1 00000000c02401b0 100 0 0 10 0                      
   1: 00000000:6784 00000000:0000 0A 00000000:00000000 00:00000000 00000000     0        0 2805 1 000000008185227b 100 0 0 10 0                      
   2: 02001EAC:AA2E 7D121268:01BB 01 00000000:00000000 00:00000000 00000000  1000        0 8218 1 000000000a778bf5 20 4 26 10 -1                     
   3: 02001EAC:855C 51990634:01BB 01 00000000:00000000 00:00000000 00000000  1000        0 5641 1 00000000e6ce5bc1 26 4 31 10 -1                     
   4: 02001EAC:6784 A507A8C0:910E 01 00000000:00000000 00:00000000 00000000     0        0 3750 1 00000000208bd012 20 4 26 10 -1                     
   5: 02001EAC:90B4 778A3634:01BB 01 00000000:00000000 02:0000107E 00000000  1000        0 5070 2 0000000042f12e22 27 4 31 10 -1                     
   6: 02001EAC:0947 A507A8C0:A960 01 00000000:00000000 00:00000000 00000000     0        0 1944 1 00000000e24cad1a 20 4 31 10 -1                     
   7: 02001EAC:D9A2 6F3CE122:01BB 01 00000000:00000000 02:00000C7C 00000000  1000        0 6460 2 000000008e87f52f 26 4 23 10 -1                     
  sl  local_address                         remote_address                        st tx_queue rx_queue tr tm->when retrnsmt   uid  timeout inode
   0: 00000000000000000000000000000000:65C5 00000000000000000000000000000000:0000 0A 00000000:00000000 00:00000000 00000000  1000        0 4755 1 00000000e354c165 100 0 0 10 0
   1: 0000000000000000FFFF000002001EAC:65C5 0000000000000000FFFF0000A507A8C0:CED8 06 00000000:00000000 03:000005E9 00000000     0        0 0 3 0000000085de9e7c
   2: 0000000000000000FFFF000002001EAC:65C5 0000000000000000FFFF0000A507A8C0:E914 01 00000000:00000000 00:00000000 00000000  1000        0 19733 1 000000008fe60dc2 20 4 27 10 -1
timestamp 2025-09-10T04:52:54+00:00
  sl  local_address rem_address   st tx_queue rx_queue tr tm->when retrnsmt   uid  timeout inode                                                     
   0: 00000000:0947 00000000:0000 0A 00000000:00000000 00:00000000 00000000     0        0 3374 1 00000000c02401b0 100 0 0 10 0                      
   1: 00000000:6784 00000000:0000 0A 00000000:00000000 00:00000000 00000000     0        0 2805 1 000000008185227b 100 0 0 10 0                      
   2: 02001EAC:AA2E 7D121268:01BB 01 00000000:00000000 00:00000000 00000000  1000        0 8218 1 000000000a778bf5 20 4 26 10 -1                     
   3: 02001EAC:855C 51990634:01BB 01 00000000:00000000 00:00000000 00000000  1000        0 5641 1 00000000e6ce5bc1 26 4 31 10 -1                     
   4: 02001EAC:6784 A507A8C0:910E 01 00000000:00000000 00:00000000 00000000     0        0 3750 1 00000000208bd012 20 4 26 10 -1                     
   5: 02001EAC:90B4 778A3634:01BB 01 00000000:00000000 02:00000FAA 00000000  1000        0 5070 2 0000000042f12e22 27 4 31 10 -1                     
   6: 02001EAC:0947 A507A8C0:A960 01 00000000:00000000 00:00000000 00000000     0        0 1944 1 00000000e24cad1a 20 4 31 10 -1                     
   7: 02001EAC:D9A2 6F3CE122:01BB 01 00000000:00000000 02:00000BA8 00000000  1000        0 6460 2 000000008e87f52f 26 4 23 10 -1                     
  sl  local_address                         remote_address                        st tx_queue rx_queue tr tm->when retrnsmt   uid  timeout inode
   0: 00000000000000000000000000000000:65C5 00000000000000000000000000000000:0000 0A 00000000:00000000 00:00000000 00000000  1000        0 4755 1 00000000e354c165 100 0 0 10 0
   1: 0000000000000000FFFF000002001EAC:65C5 0000000000000000FFFF0000A507A8C0:CED8 06 00000000:00000000 03:00000515 00000000     0        0 0 3 0000000085de9e7c
   2: 0000000000000000FFFF000002001EAC:65C5 0000000000000000FFFF0000A507A8C0:E914 01 00000000:00000000 00:00000000 00000000  1000        0 19733 1 000000008fe60dc2 20 4 27 10 -1
timestamp 2025-09-10T04:52:57+00:00
  sl  local_address rem_address   st tx_queue rx_queue tr tm->when retrnsmt   uid  timeout inode                                                     
   0: 00000000:0947 00000000:0000 0A 00000000:00000000 00:00000000 00000000     0        0 3374 1 00000000c02401b0 100 0 0 10 0                      
   1: 00000000:6784 00000000:0000 0A 00000000:00000000 00:00000000 00000000     0        0 2805 1 000000008185227b 100 0 0 10 0                      
   2: 02001EAC:AA2E 7D121268:01BB 01 00000000:00000000 00:00000000 00000000  1000        0 8218 1 000000000a778bf5 20 4 26 10 -1                     
   3: 02001EAC:855C 51990634:01BB 01 00000000:00000000 00:00000000 00000000  1000        0 5641 1 00000000e6ce5bc1 26 4 31 10 -1                     
   4: 02001EAC:6784 A507A8C0:910E 01 00000000:00000000 00:00000000 00000000     0        0 3750 1 00000000208bd012 20 4 26 10 -1                     
   5: 02001EAC:90B4 778A3634:01BB 01 00000000:00000000 02:00000ED6 00000000  1000        0 5070 2 0000000042f12e22 27 4 31 10 -1                     
   6: 02001EAC:0947 A507A8C0:A960 01 00000000:00000000 00:00000000 00000000     0        0 1944 1 00000000e24cad1a 20 4 31 10 -1                     
   7: 02001EAC:D9A2 6F3CE122:01BB 01 00000000:00000000 02:00000AD4 00000000  1000        0 6460 2 000000008e87f52f 26 4 23 10 -1                     
  sl  local_address                         remote_address                        st tx_queue rx_queue tr tm->when retrnsmt   uid  timeout inode
   0: 00000000000000000000000000000000:65C5 00000000000000000000000000000000:0000 0A 00000000:00000000 00:00000000 00000000  1000        0 4755 1 00000000e354c165 100 0 0 10 0
   1: 0000000000000000FFFF000002001EAC:65C5 0000000000000000FFFF0000A507A8C0:CED8 06 00000000:00000000 03:00000441 00000000     0        0 0 3 0000000085de9e7c
   2: 0000000000000000FFFF000002001EAC:65C5 0000000000000000FFFF0000A507A8C0:E914 01 00000000:00000000 00:00000000 00000000  1000        0 19733 1 000000008fe60dc2 20 4 27 10 -1
timestamp 2025-09-10T04:52:59+00:00
  sl  local_address rem_address   st tx_queue rx_queue tr tm->when retrnsmt   uid  timeout inode                                                     
   0: 00000000:0947 00000000:0000 0A 00000000:00000000 00:00000000 00000000     0        0 3374 1 00000000c02401b0 100 0 0 10 0                      
   1: 00000000:6784 00000000:0000 0A 00000000:00000000 00:00000000 00000000     0        0 2805 1 000000008185227b 100 0 0 10 0                      
   2: 02001EAC:AA2E 7D121268:01BB 01 00000000:00000000 00:00000000 00000000  1000        0 8218 1 000000000a778bf5 20 4 26 10 -1                     
   3: 02001EAC:855C 51990634:01BB 01 00000000:00000000 00:00000000 00000000  1000        0 5641 1 00000000e6ce5bc1 26 4 31 10 -1                     
   4: 02001EAC:6784 A507A8C0:910E 01 00000000:00000000 00:00000000 00000000     0        0 3750 1 00000000208bd012 20 4 26 10 -1                     
   5: 02001EAC:90B4 778A3634:01BB 01 00000000:00000000 02:00000E02 00000000  1000        0 5070 2 0000000042f12e22 27 4 31 10 -1                     
   6: 02001EAC:0947 A507A8C0:A960 01 00000000:00000000 00:00000000 00000000     0        0 1944 1 00000000e24cad1a 20 4 31 10 -1                     
   7: 02001EAC:D9A2 6F3CE122:01BB 01 00000000:00000000 02:00000A00 00000000  1000        0 6460 2 000000008e87f52f 26 4 23 10 -1                     
  sl  local_address                         remote_address                        st tx_queue rx_queue tr tm->when retrnsmt   uid  timeout inode
   0: 00000000000000000000000000000000:65C5 00000000000000000000000000000000:0000 0A 00000000:00000000 00:00000000 00000000  1000        0 4755 1 00000000e354c165 100 0 0 10 0
   1: 0000000000000000FFFF000002001EAC:65C5 0000000000000000FFFF0000A507A8C0:CED8 06 00000000:00000000 03:0000036E 00000000     0        0 0 3 0000000085de9e7c
   2: 0000000000000000FFFF000002001EAC:65C5 0000000000000000FFFF0000A507A8C0:E914 01 00000000:00000000 00:00000000 00000000  1000        0 19733 1 000000008fe60dc2 20 4 27 10 -1
timestamp 2025-09-10T04:53:01+00:00
  sl  local_address rem_address   st tx_queue rx_queue tr tm->when retrnsmt   uid  timeout inode                                                     
   0: 00000000:0947 00000000:0000 0A 00000000:00000000 00:00000000 00000000     0        0 3374 1 00000000c02401b0 100 0 0 10 0                      
   1: 00000000:6784 00000000:0000 0A 00000000:00000000 00:00000000 00000000     0        0 2805 1 000000008185227b 100 0 0 10 0                      
   2: 02001EAC:AA2E 7D121268:01BB 01 00000000:00000000 00:00000000 00000000  1000        0 8218 1 000000000a778bf5 20 4 26 10 -1                     
   3: 02001EAC:855C 51990634:01BB 01 00000000:00000000 00:00000000 00000000  1000        0 5641 1 00000000e6ce5bc1 26 4 31 10 -1                     
   4: 02001EAC:6784 A507A8C0:910E 01 00000000:00000000 00:00000000 00000000     0        0 3750 1 00000000208bd012 20 4 26 10 -1                     
   5: 02001EAC:90B4 778A3634:01BB 01 00000000:00000000 02:00000D2E 00000000  1000        0 5070 2 0000000042f12e22 27 4 31 10 -1                     
   6: 02001EAC:0947 A507A8C0:A960 01 00000000:00000000 00:00000000 00000000     0        0 1944 1 00000000e24cad1a 20 4 31 10 -1                     
   7: 02001EAC:D9A2 6F3CE122:01BB 01 00000000:00000000 02:0000092C 00000000  1000        0 6460 2 000000008e87f52f 26 4 23 10 -1                     
  sl  local_address                         remote_address                        st tx_queue rx_queue tr tm->when retrnsmt   uid  timeout inode
   0: 00000000000000000000000000000000:65C5 00000000000000000000000000000000:0000 0A 00000000:00000000 00:00000000 00000000  1000        0 4755 1 00000000e354c165 100 0 0 10 0
   1: 0000000000000000FFFF000002001EAC:65C5 0000000000000000FFFF0000A507A8C0:CED8 06 00000000:00000000 03:0000029A 00000000     0        0 0 3 0000000085de9e7c
   2: 0000000000000000FFFF000002001EAC:65C5 0000000000000000FFFF0000A507A8C0:E914 01 00000000:00000000 00:00000000 00000000  1000        0 19733 1 000000008fe60dc2 20 4 27 10 -1
timestamp 2025-09-10T04:53:03+00:00
  sl  local_address rem_address   st tx_queue rx_queue tr tm->when retrnsmt   uid  timeout inode                                                     
   0: 00000000:0947 00000000:0000 0A 00000000:00000000 00:00000000 00000000     0        0 3374 1 00000000c02401b0 100 0 0 10 0                      
   1: 00000000:6784 00000000:0000 0A 00000000:00000000 00:00000000 00000000     0        0 2805 1 000000008185227b 100 0 0 10 0                      
   2: 02001EAC:AA2E 7D121268:01BB 01 00000000:00000000 00:00000000 00000000  1000        0 8218 1 000000000a778bf5 20 4 26 10 -1                     
   3: 02001EAC:855C 51990634:01BB 01 00000000:00000000 00:00000000 00000000  1000        0 5641 1 00000000e6ce5bc1 26 4 31 10 -1                     
   4: 02001EAC:6784 A507A8C0:910E 01 00000000:00000000 00:00000000 00000000     0        0 3750 1 00000000208bd012 20 4 26 10 -1                     
   5: 02001EAC:90B4 778A3634:01BB 01 00000000:00000000 02:00000C5A 00000000  1000        0 5070 2 0000000042f12e22 27 4 31 10 -1                     
   6: 02001EAC:0947 A507A8C0:A960 01 00000000:00000000 00:00000000 00000000     0        0 1944 1 00000000e24cad1a 20 4 31 10 -1                     
   7: 02001EAC:D9A2 6F3CE122:01BB 01 00000000:00000000 02:00000858 00000000  1000        0 6460 2 000000008e87f52f 26 4 23 10 -1                     
  sl  local_address                         remote_address                        st tx_queue rx_queue tr tm->when retrnsmt   uid  timeout inode
   0: 00000000000000000000000000000000:65C5 00000000000000000000000000000000:0000 0A 00000000:00000000 00:00000000 00000000  1000        0 4755 1 00000000e354c165 100 0 0 10 0
   1: 0000000000000000FFFF000002001EAC:65C5 0000000000000000FFFF0000A507A8C0:CED8 06 00000000:00000000 03:000001C5 00000000     0        0 0 3 0000000085de9e7c
   2: 0000000000000000FFFF000002001EAC:65C5 0000000000000000FFFF0000A507A8C0:E914 01 00000000:00000000 00:00000000 00000000  1000        0 19733 1 000000008fe60dc2 20 4 27 10 -1
timestamp 2025-09-10T04:53:05+00:00
  sl  local_address rem_address   st tx_queue rx_queue tr tm->when retrnsmt   uid  timeout inode                                                     
   0: 00000000:0947 00000000:0000 0A 00000000:00000000 00:00000000 00000000     0        0 3374 1 00000000c02401b0 100 0 0 10 0                      
   1: 00000000:6784 00000000:0000 0A 00000000:00000000 00:00000000 00000000     0        0 2805 1 000000008185227b 100 0 0 10 0                      
   2: 02001EAC:AA2E 7D121268:01BB 01 00000000:00000000 00:00000000 00000000  1000        0 8218 1 000000000a778bf5 20 4 26 10 -1                     
   3: 02001EAC:855C 51990634:01BB 01 00000000:00000000 00:00000000 00000000  1000        0 5641 1 00000000e6ce5bc1 26 4 31 10 -1                     
   4: 02001EAC:6784 A507A8C0:910E 01 00000000:00000000 00:00000000 00000000     0        0 3750 1 00000000208bd012 20 4 26 10 -1                     
   5: 02001EAC:90B4 778A3634:01BB 01 00000000:00000000 02:00000B86 00000000  1000        0 5070 2 0000000042f12e22 27 4 31 10 -1                     
   6: 02001EAC:0947 A507A8C0:A960 01 00000000:00000000 00:00000000 00000000     0        0 1944 1 00000000e24cad1a 20 4 31 10 -1                     
   7: 02001EAC:D9A2 6F3CE122:01BB 01 00000000:00000000 02:00000783 00000000  1000        0 6460 2 000000008e87f52f 26 4 23 10 -1                     
  sl  local_address                         remote_address                        st tx_queue rx_queue tr tm->when retrnsmt   uid  timeout inode
   0: 00000000000000000000000000000000:65C5 00000000000000000000000000000000:0000 0A 00000000:00000000 00:00000000 00000000  1000        0 4755 1 00000000e354c165 100 0 0 10 0
   1: 0000000000000000FFFF000002001EAC:65C5 0000000000000000FFFF0000A507A8C0:CED8 06 00000000:00000000 03:000000F1 00000000     0        0 0 3 0000000085de9e7c
   2: 0000000000000000FFFF000002001EAC:65C5 0000000000000000FFFF0000A507A8C0:E914 01 00000000:00000000 00:00000000 00000000  1000        0 19733 1 000000008fe60dc2 20 4 27 10 -1
timestamp 2025-09-10T04:53:07+00:00
  sl  local_address rem_address   st tx_queue rx_queue tr tm->when retrnsmt   uid  timeout inode                                                     
   0: 00000000:0947 00000000:0000 0A 00000000:00000000 00:00000000 00000000     0        0 3374 1 00000000c02401b0 100 0 0 10 0                      
   1: 00000000:6784 00000000:0000 0A 00000000:00000000 00:00000000 00000000     0        0 2805 1 000000008185227b 100 0 0 10 0                      
   2: 02001EAC:AA2E 7D121268:01BB 01 00000000:00000000 00:00000000 00000000  1000        0 8218 1 000000000a778bf5 20 4 26 10 -1                     
   3: 02001EAC:855C 51990634:01BB 01 00000000:00000000 00:00000000 00000000  1000        0 5641 1 00000000e6ce5bc1 26 4 31 10 -1                     
   4: 02001EAC:6784 A507A8C0:910E 01 00000000:00000000 00:00000000 00000000     0        0 3750 1 00000000208bd012 20 4 26 10 -1                     
   5: 02001EAC:90B4 778A3634:01BB 01 00000000:00000000 02:00000AB2 00000000  1000        0 5070 2 0000000042f12e22 27 4 31 10 -1                     
   6: 02001EAC:0947 A507A8C0:A960 01 00000000:00000000 00:00000000 00000000     0        0 1944 1 00000000e24cad1a 20 4 31 10 -1                     
   7: 02001EAC:D9A2 6F3CE122:01BB 01 00000000:00000000 02:000006B0 00000000  1000        0 6460 2 000000008e87f52f 26 4 23 10 -1                     
  sl  local_address                         remote_address                        st tx_queue rx_queue tr tm->when retrnsmt   uid  timeout inode
   0: 00000000000000000000000000000000:65C5 00000000000000000000000000000000:0000 0A 00000000:00000000 00:00000000 00000000  1000        0 4755 1 00000000e354c165 100 0 0 10 0
   1: 0000000000000000FFFF000002001EAC:65C5 0000000000000000FFFF0000A507A8C0:CED8 06 00000000:00000000 03:0000001D 00000000     0        0 0 3 0000000085de9e7c
   2: 0000000000000000FFFF000002001EAC:65C5 0000000000000000FFFF0000A507A8C0:E914 01 00000000:00000000 00:00000000 00000000  1000        0 19733 1 000000008fe60dc2 20 4 27 10 -1
timestamp 2025-09-10T04:53:09+00:00
  sl  local_address rem_address   st tx_queue rx_queue tr tm->when retrnsmt   uid  timeout inode                                                     
   0: 00000000:0947 00000000:0000 0A 00000000:00000000 00:00000000 00000000     0        0 3374 1 00000000c02401b0 100 0 0 10 0                      
   1: 00000000:6784 00000000:0000 0A 00000000:00000000 00:00000000 00000000     0        0 2805 1 000000008185227b 100 0 0 10 0                      
   2: 02001EAC:AA2E 7D121268:01BB 01 00000000:00000000 00:00000000 00000000  1000        0 8218 1 000000000a778bf5 20 4 26 10 -1                     
   3: 02001EAC:855C 51990634:01BB 01 00000000:00000000 00:00000000 00000000  1000        0 5641 1 00000000e6ce5bc1 26 4 31 10 -1                     
   4: 02001EAC:6784 A507A8C0:910E 01 00000000:00000000 00:00000000 00000000     0        0 3750 1 00000000208bd012 20 4 26 10 -1                     
   5: 02001EAC:90B4 778A3634:01BB 01 00000000:00000000 02:000009DE 00000000  1000        0 5070 2 0000000042f12e22 27 4 31 10 -1                     
   6: 02001EAC:0947 A507A8C0:A960 01 00000000:00000000 00:00000000 00000000     0        0 1944 1 00000000e24cad1a 20 4 31 10 -1                     
   7: 02001EAC:D9A2 6F3CE122:01BB 01 00000000:00000000 02:000005DC 00000000  1000        0 6460 2 000000008e87f52f 26 4 23 10 -1                     
  sl  local_address                         remote_address                        st tx_queue rx_queue tr tm->when retrnsmt   uid  timeout inode
   0: 00000000000000000000000000000000:65C5 00000000000000000000000000000000:0000 0A 00000000:00000000 00:00000000 00000000  1000        0 4755 1 00000000e354c165 100 0 0 10 0
   1: 0000000000000000FFFF000002001EAC:65C5 0000000000000000FFFF0000A507A8C0:E914 01 00000000:00000000 00:00000000 00000000  1000        0 19733 1 000000008fe60dc2 20 4 27 10 -1
timestamp 2025-09-10T04:53:11+00:00
  sl  local_address rem_address   st tx_queue rx_queue tr tm->when retrnsmt   uid  timeout inode                                                     
   0: 00000000:0947 00000000:0000 0A 00000000:00000000 00:00000000 00000000     0        0 3374 1 00000000c02401b0 100 0 0 10 0                      
   1: 00000000:6784 00000000:0000 0A 00000000:00000000 00:00000000 00000000     0        0 2805 1 000000008185227b 100 0 0 10 0                      
   2: 02001EAC:AA2E 7D121268:01BB 01 00000000:00000000 00:00000000 00000000  1000        0 8218 1 000000000a778bf5 20 4 26 10 -1                     
   3: 02001EAC:855C 51990634:01BB 01 00000000:00000000 00:00000000 00000000  1000        0 5641 1 00000000e6ce5bc1 26 4 31 10 -1                     
   4: 02001EAC:6784 A507A8C0:910E 01 00000000:00000000 00:00000000 00000000     0        0 3750 1 00000000208bd012 20 4 26 10 -1                     
   5: 02001EAC:90B4 778A3634:01BB 01 00000000:00000000 02:0000090A 00000000  1000        0 5070 2 0000000042f12e22 27 4 31 10 -1                     
   6: 02001EAC:0947 A507A8C0:A960 01 00000000:00000000 00:00000000 00000000     0        0 1944 1 00000000e24cad1a 20 4 31 10 -1                     
   7: 02001EAC:D9A2 6F3CE122:01BB 01 00000000:00000000 02:00000508 00000000  1000        0 6460 2 000000008e87f52f 26 4 23 10 -1                     
  sl  local_address                         remote_address                        st tx_queue rx_queue tr tm->when retrnsmt   uid  timeout inode
   0: 00000000000000000000000000000000:65C5 00000000000000000000000000000000:0000 0A 00000000:00000000 00:00000000 00000000  1000        0 4755 1 00000000e354c165 100 0 0 10 0
   1: 0000000000000000FFFF000002001EAC:65C5 0000000000000000FFFF0000A507A8C0:E914 01 00000000:00000000 00:00000000 00000000  1000        0 19733 1 000000008fe60dc2 20 4 27 10 -1
timestamp 2025-09-10T04:53:14+00:00
  sl  local_address rem_address   st tx_queue rx_queue tr tm->when retrnsmt   uid  timeout inode                                                     
   0: 00000000:0947 00000000:0000 0A 00000000:00000000 00:00000000 00000000     0        0 3374 1 00000000c02401b0 100 0 0 10 0                      
   1: 00000000:6784 00000000:0000 0A 00000000:00000000 00:00000000 00000000     0        0 2805 1 000000008185227b 100 0 0 10 0                      
   2: 02001EAC:AA2E 7D121268:01BB 01 00000000:00000000 00:00000000 00000000  1000        0 8218 1 000000000a778bf5 20 4 26 10 -1                     
   3: 02001EAC:855C 51990634:01BB 01 00000000:00000000 00:00000000 00000000  1000        0 5641 1 00000000e6ce5bc1 26 4 31 10 -1                     
   4: 02001EAC:6784 A507A8C0:910E 01 00000000:00000000 00:00000000 00000000     0        0 3750 1 00000000208bd012 20 4 26 10 -1                     
   5: 02001EAC:90B4 778A3634:01BB 01 00000000:00000000 02:00000836 00000000  1000        0 5070 2 0000000042f12e22 27 4 31 10 -1                     
   6: 02001EAC:0947 A507A8C0:A960 01 00000000:00000000 00:00000000 00000000     0        0 1944 1 00000000e24cad1a 20 4 31 10 -1                     
   7: 02001EAC:D9A2 6F3CE122:01BB 01 00000000:00000000 02:00000434 00000000  1000        0 6460 2 000000008e87f52f 26 4 23 10 -1                     
  sl  local_address                         remote_address                        st tx_queue rx_queue tr tm->when retrnsmt   uid  timeout inode
   0: 00000000000000000000000000000000:65C5 00000000000000000000000000000000:0000 0A 00000000:00000000 00:00000000 00000000  1000        0 4755 1 00000000e354c165 100 0 0 10 0
   1: 0000000000000000FFFF000002001EAC:65C5 0000000000000000FFFF0000A507A8C0:E914 01 00000000:00000000 00:00000000 00000000  1000        0 19733 1 000000008fe60dc2 20 4 27 10 -1
timestamp 2025-09-10T04:53:16+00:00
  sl  local_address rem_address   st tx_queue rx_queue tr tm->when retrnsmt   uid  timeout inode                                                     
   0: 00000000:0947 00000000:0000 0A 00000000:00000000 00:00000000 00000000     0        0 3374 1 00000000c02401b0 100 0 0 10 0                      
   1: 00000000:6784 00000000:0000 0A 00000000:00000000 00:00000000 00000000     0        0 2805 1 000000008185227b 100 0 0 10 0                      
   2: 02001EAC:AA2E 7D121268:01BB 01 00000000:00000000 00:00000000 00000000  1000        0 8218 1 000000000a778bf5 20 4 26 10 -1                     
   3: 02001EAC:855C 51990634:01BB 01 00000000:00000000 00:00000000 00000000  1000        0 5641 1 00000000e6ce5bc1 26 4 31 10 -1                     
   4: 02001EAC:6784 A507A8C0:910E 01 00000000:00000000 00:00000000 00000000     0        0 3750 1 00000000208bd012 20 4 26 10 -1                     
   5: 02001EAC:90B4 778A3634:01BB 01 00000000:00000000 02:00000763 00000000  1000        0 5070 2 0000000042f12e22 27 4 31 10 -1                     
   6: 02001EAC:0947 A507A8C0:A960 01 00000000:00000000 00:00000000 00000000     0        0 1944 1 00000000e24cad1a 20 4 31 10 -1                     
   7: 02001EAC:D9A2 6F3CE122:01BB 01 00000000:00000000 02:00000360 00000000  1000        0 6460 2 000000008e87f52f 26 4 23 10 -1                     
  sl  local_address                         remote_address                        st tx_queue rx_queue tr tm->when retrnsmt   uid  timeout inode
   0: 00000000000000000000000000000000:65C5 00000000000000000000000000000000:0000 0A 00000000:00000000 00:00000000 00000000  1000        0 4755 1 00000000e354c165 100 0 0 10 0
   1: 0000000000000000FFFF000002001EAC:65C5 0000000000000000FFFF0000A507A8C0:E914 01 00000000:00000000 00:00000000 00000000  1000        0 19733 1 000000008fe60dc2 20 4 27 10 -1
timestamp 2025-09-10T04:53:18+00:00
  sl  local_address rem_address   st tx_queue rx_queue tr tm->when retrnsmt   uid  timeout inode                                                     
   0: 00000000:0947 00000000:0000 0A 00000000:00000000 00:00000000 00000000     0        0 3374 1 00000000c02401b0 100 0 0 10 0                      
   1: 00000000:6784 00000000:0000 0A 00000000:00000000 00:00000000 00000000     0        0 2805 1 000000008185227b 100 0 0 10 0                      
   2: 02001EAC:AA2E 7D121268:01BB 01 00000000:00000000 00:00000000 00000000  1000        0 8218 1 000000000a778bf5 20 4 26 10 -1                     
   3: 02001EAC:855C 51990634:01BB 01 00000000:00000000 00:00000000 00000000  1000        0 5641 1 00000000e6ce5bc1 26 4 31 10 -1                     
   4: 02001EAC:6784 A507A8C0:910E 01 00000000:00000000 00:00000000 00000000     0        0 3750 1 00000000208bd012 20 4 26 10 -1                     
   5: 02001EAC:90B4 778A3634:01BB 01 00000023:00000000 01:0000001A 00000000  1000        0 5070 4 0000000042f12e22 27 4 31 10 -1                     
   6: 02001EAC:0947 A507A8C0:A960 01 00000000:00000000 00:00000000 00000000     0        0 1944 1 00000000e24cad1a 20 4 31 10 -1                     
   7: 02001EAC:D9A2 6F3CE122:01BB 01 00000000:00000000 02:0000028D 00000000  1000        0 6460 2 000000008e87f52f 26 4 23 10 -1                     
   8: 02001EAC:E6DC 01010101:0035 06 00000000:00000000 03:000016CF 00000000     0        0 0 3 0000000011bd6be6                                      
  sl  local_address                         remote_address                        st tx_queue rx_queue tr tm->when retrnsmt   uid  timeout inode
   0: 00000000000000000000000000000000:65C5 00000000000000000000000000000000:0000 0A 00000000:00000000 00:00000000 00000000  1000        0 4755 1 00000000e354c165 100 0 0 10 0
   1: 0000000000000000FFFF000002001EAC:65C5 0000000000000000FFFF0000A507A8C0:E914 01 00000000:00000000 00:00000000 00000000  1000        0 19733 1 000000008fe60dc2 20 4 27 10 -1
timestamp 2025-09-10T04:53:20+00:00
  sl  local_address rem_address   st tx_queue rx_queue tr tm->when retrnsmt   uid  timeout inode                                                     
   0: 00000000:0947 00000000:0000 0A 00000000:00000000 00:00000000 00000000     0        0 3374 1 00000000c02401b0 100 0 0 10 0                      
   1: 00000000:6784 00000000:0000 0A 00000000:00000000 00:00000000 00000000     0        0 2805 1 000000008185227b 100 0 0 10 0                      
   2: 02001EAC:AA2E 7D121268:01BB 01 00000000:00000000 00:00000000 00000000  1000        0 8218 1 000000000a778bf5 20 4 26 10 -1                     
   3: 02001EAC:855C 51990634:01BB 01 00000000:00000000 00:00000000 00000000  1000        0 5641 1 00000000e6ce5bc1 26 4 31 10 -1                     
   4: 02001EAC:6784 A507A8C0:910E 01 00000000:00000000 00:00000000 00000000     0        0 3750 1 00000000208bd012 20 4 26 10 -1                     
   5: 02001EAC:90B4 778A3634:01BB 01 00000000:00000000 02:000005BB 00000000  1000        0 5070 2 0000000042f12e22 27 4 31 10 -1                     
   6: 02001EAC:0947 A507A8C0:A960 01 00000000:00000000 00:00000000 00000000     0        0 1944 1 00000000e24cad1a 20 4 31 10 -1                     
   7: 02001EAC:D9A2 6F3CE122:01BB 01 00000000:00000000 02:000001B9 00000000  1000        0 6460 2 000000008e87f52f 26 4 23 10 -1                     
   8: 02001EAC:E6DC 01010101:0035 06 00000000:00000000 03:000015FB 00000000     0        0 0 3 0000000011bd6be6                                      
  sl  local_address                         remote_address                        st tx_queue rx_queue tr tm->when retrnsmt   uid  timeout inode
   0: 00000000000000000000000000000000:65C5 00000000000000000000000000000000:0000 0A 00000000:00000000 00:00000000 00000000  1000        0 4755 1 00000000e354c165 100 0 0 10 0
   1: 0000000000000000FFFF000002001EAC:65C5 0000000000000000FFFF0000A507A8C0:E914 01 00000000:00000000 00:00000000 00000000  1000        0 19733 1 000000008fe60dc2 20 4 27 10 -1
timestamp 2025-09-10T04:53:22+00:00
  sl  local_address rem_address   st tx_queue rx_queue tr tm->when retrnsmt   uid  timeout inode                                                     
   0: 00000000:0947 00000000:0000 0A 00000000:00000000 00:00000000 00000000     0        0 3374 1 00000000c02401b0 100 0 0 10 0                      
   1: 00000000:6784 00000000:0000 0A 00000000:00000000 00:00000000 00000000     0        0 2805 1 000000008185227b 100 0 0 10 0                      
   2: 02001EAC:AA2E 7D121268:01BB 01 00000000:00000000 00:00000000 00000000  1000        0 8218 1 000000000a778bf5 20 4 26 10 -1                     
   3: 02001EAC:855C 51990634:01BB 01 00000000:00000000 00:00000000 00000000  1000        0 5641 1 00000000e6ce5bc1 26 4 31 10 -1                     
   4: 02001EAC:6784 A507A8C0:910E 01 00000000:00000000 00:00000000 00000000     0        0 3750 1 00000000208bd012 20 4 26 10 -1                     
   5: 02001EAC:90B4 778A3634:01BB 01 00000000:00000000 02:000004E7 00000000  1000        0 5070 2 0000000042f12e22 27 4 31 10 -1                     
   6: 02001EAC:0947 A507A8C0:A960 01 00000000:00000000 00:00000000 00000000     0        0 1944 1 00000000e24cad1a 20 4 31 10 -1                     
   7: 02001EAC:D9A2 6F3CE122:01BB 01 00000000:00000000 02:000000E5 00000000  1000        0 6460 2 000000008e87f52f 26 4 23 10 -1                     
   8: 02001EAC:E6DC 01010101:0035 06 00000000:00000000 03:00001527 00000000     0        0 0 3 0000000011bd6be6                                      
  sl  local_address                         remote_address                        st tx_queue rx_queue tr tm->when retrnsmt   uid  timeout inode
   0: 00000000000000000000000000000000:65C5 00000000000000000000000000000000:0000 0A 00000000:00000000 00:00000000 00000000  1000        0 4755 1 00000000e354c165 100 0 0 10 0
   1: 0000000000000000FFFF000002001EAC:65C5 0000000000000000FFFF0000A507A8C0:E914 01 00000000:00000000 00:00000000 00000000  1000        0 19733 1 000000008fe60dc2 20 4 27 10 -1
timestamp 2025-09-10T04:53:24+00:00
  sl  local_address rem_address   st tx_queue rx_queue tr tm->when retrnsmt   uid  timeout inode                                                     
   0: 00000000:0947 00000000:0000 0A 00000000:00000000 00:00000000 00000000     0        0 3374 1 00000000c02401b0 100 0 0 10 0                      
   1: 00000000:6784 00000000:0000 0A 00000000:00000000 00:00000000 00000000     0        0 2805 1 000000008185227b 100 0 0 10 0                      
   2: 02001EAC:AA2E 7D121268:01BB 01 00000000:00000000 00:00000000 00000000  1000        0 8218 1 000000000a778bf5 20 4 26 10 -1                     
   3: 02001EAC:855C 51990634:01BB 01 00000000:00000000 00:00000000 00000000  1000        0 5641 1 00000000e6ce5bc1 26 4 31 10 -1                     
   4: 02001EAC:6784 A507A8C0:910E 01 00000000:00000000 00:00000000 00000000     0        0 3750 1 00000000208bd012 20 4 26 10 -1                     
   5: 02001EAC:90B4 778A3634:01BB 01 00000000:00000000 02:00000413 00000000  1000        0 5070 2 0000000042f12e22 27 4 31 10 -1                     
   6: 02001EAC:0947 A507A8C0:A960 01 00000000:00000000 00:00000000 00000000     0        0 1944 1 00000000e24cad1a 20 4 31 10 -1                     
   7: 02001EAC:D9A2 6F3CE122:01BB 01 00000000:00000000 02:00000011 00000000  1000        0 6460 2 000000008e87f52f 26 4 23 10 -1                     
   8: 02001EAC:E6DC 01010101:0035 06 00000000:00000000 03:00001453 00000000     0        0 0 3 0000000011bd6be6                                      
  sl  local_address                         remote_address                        st tx_queue rx_queue tr tm->when retrnsmt   uid  timeout inode
   0: 00000000000000000000000000000000:65C5 00000000000000000000000000000000:0000 0A 00000000:00000000 00:00000000 00000000  1000        0 4755 1 00000000e354c165 100 0 0 10 0
   1: 0000000000000000FFFF000002001EAC:65C5 0000000000000000FFFF0000A507A8C0:E914 01 00000000:00000000 00:00000000 00000000  1000        0 19733 1 000000008fe60dc2 20 4 27 10 -1
timestamp 2025-09-10T04:53:26+00:00
  sl  local_address rem_address   st tx_queue rx_queue tr tm->when retrnsmt   uid  timeout inode                                                     
   0: 00000000:0947 00000000:0000 0A 00000000:00000000 00:00000000 00000000     0        0 3374 1 00000000c02401b0 100 0 0 10 0                      
   1: 00000000:6784 00000000:0000 0A 00000000:00000000 00:00000000 00000000     0        0 2805 1 000000008185227b 100 0 0 10 0                      
   2: 02001EAC:AA2E 7D121268:01BB 01 00000000:00000000 00:00000000 00000000  1000        0 8218 1 000000000a778bf5 20 4 26 10 -1                     
   3: 02001EAC:855C 51990634:01BB 01 00000000:00000000 00:00000000 00000000  1000        0 5641 1 00000000e6ce5bc1 26 4 31 10 -1                     
   4: 02001EAC:6784 A507A8C0:910E 01 00000000:00000000 00:00000000 00000000     0        0 3750 1 00000000208bd012 20 4 26 10 -1                     
   5: 02001EAC:90B4 778A3634:01BB 01 00000000:00000000 02:00000340 00000000  1000        0 5070 2 0000000042f12e22 27 4 31 10 -1                     
   6: 02001EAC:0947 A507A8C0:A960 01 00000000:00000000 00:00000000 00000000     0        0 1944 1 00000000e24cad1a 20 4 31 10 -1                     
   7: 02001EAC:D9A2 6F3CE122:01BB 01 00000000:00000000 02:000010D8 00000000  1000        0 6460 2 000000008e87f52f 26 4 23 10 -1                     
   8: 02001EAC:E6DC 01010101:0035 06 00000000:00000000 03:00001380 00000000     0        0 0 3 0000000011bd6be6                                      
  sl  local_address                         remote_address                        st tx_queue rx_queue tr tm->when retrnsmt   uid  timeout inode
   0: 00000000000000000000000000000000:65C5 00000000000000000000000000000000:0000 0A 00000000:00000000 00:00000000 00000000  1000        0 4755 1 00000000e354c165 100 0 0 10 0
   1: 0000000000000000FFFF000002001EAC:65C5 0000000000000000FFFF0000A507A8C0:E914 01 00000000:00000000 00:00000000 00000000  1000        0 19733 1 000000008fe60dc2 20 4 27 10 -1
timestamp 2025-09-10T04:53:28+00:00
  sl  local_address rem_address   st tx_queue rx_queue tr tm->when retrnsmt   uid  timeout inode                                                     
   0: 00000000:0947 00000000:0000 0A 00000000:00000000 00:00000000 00000000     0        0 3374 1 00000000c02401b0 100 0 0 10 0                      
   1: 00000000:6784 00000000:0000 0A 00000000:00000000 00:00000000 00000000     0        0 2805 1 000000008185227b 100 0 0 10 0                      
   2: 02001EAC:AA2E 7D121268:01BB 01 00000000:00000000 00:00000000 00000000  1000        0 8218 1 000000000a778bf5 20 4 26 10 -1                     
   3: 02001EAC:855C 51990634:01BB 01 00000000:00000000 00:00000000 00000000  1000        0 5641 1 00000000e6ce5bc1 26 4 31 10 -1                     
   4: 02001EAC:6784 A507A8C0:910E 01 00000000:00000000 00:00000000 00000000     0        0 3750 1 00000000208bd012 20 4 26 10 -1                     
   5: 02001EAC:90B4 778A3634:01BB 01 00000000:00000000 02:0000026C 00000000  1000        0 5070 2 0000000042f12e22 27 4 31 10 -1                     
   6: 02001EAC:0947 A507A8C0:A960 01 00000000:00000000 00:00000000 00000000     0        0 1944 1 00000000e24cad1a 20 4 31 10 -1                     
   7: 02001EAC:D9A2 6F3CE122:01BB 01 00000000:00000000 02:00001004 00000000  1000        0 6460 2 000000008e87f52f 26 4 23 10 -1                     
   8: 02001EAC:E6DC 01010101:0035 06 00000000:00000000 03:000012AC 00000000     0        0 0 3 0000000011bd6be6                                      
  sl  local_address                         remote_address                        st tx_queue rx_queue tr tm->when retrnsmt   uid  timeout inode
   0: 00000000000000000000000000000000:65C5 00000000000000000000000000000000:0000 0A 00000000:00000000 00:00000000 00000000  1000        0 4755 1 00000000e354c165 100 0 0 10 0
   1: 0000000000000000FFFF000002001EAC:65C5 0000000000000000FFFF0000A507A8C0:E914 01 00000000:00000000 00:00000000 00000000  1000        0 19733 1 000000008fe60dc2 20 4 27 10 -1
timestamp 2025-09-10T04:53:30+00:00
  sl  local_address rem_address   st tx_queue rx_queue tr tm->when retrnsmt   uid  timeout inode                                                     
   0: 00000000:0947 00000000:0000 0A 00000000:00000000 00:00000000 00000000     0        0 3374 1 00000000c02401b0 100 0 0 10 0                      
   1: 00000000:6784 00000000:0000 0A 00000000:00000000 00:00000000 00000000     0        0 2805 1 000000008185227b 100 0 0 10 0                      
   2: 02001EAC:AA2E 7D121268:01BB 01 00000000:00000000 00:00000000 00000000  1000        0 8218 1 000000000a778bf5 20 4 26 10 -1                     
   3: 02001EAC:855C 51990634:01BB 01 00000000:00000000 00:00000000 00000000  1000        0 5641 1 00000000e6ce5bc1 26 4 31 10 -1                     
   4: 02001EAC:6784 A507A8C0:910E 01 00000000:00000000 00:00000000 00000000     0        0 3750 1 00000000208bd012 20 4 26 10 -1                     
   5: 02001EAC:90B4 778A3634:01BB 01 00000000:00000000 02:00000198 00000000  1000        0 5070 2 0000000042f12e22 27 4 31 10 -1                     
   6: 02001EAC:0947 A507A8C0:A960 01 00000000:00000000 00:00000000 00000000     0        0 1944 1 00000000e24cad1a 20 4 31 10 -1                     
   7: 02001EAC:D9A2 6F3CE122:01BB 01 00000000:00000000 02:00000F30 00000000  1000        0 6460 2 000000008e87f52f 26 4 23 10 -1                     
   8: 02001EAC:E6DC 01010101:0035 06 00000000:00000000 03:000011D8 00000000     0        0 0 3 0000000011bd6be6                                      
  sl  local_address                         remote_address                        st tx_queue rx_queue tr tm->when retrnsmt   uid  timeout inode
   0: 00000000000000000000000000000000:65C5 00000000000000000000000000000000:0000 0A 00000000:00000000 00:00000000 00000000  1000        0 4755 1 00000000e354c165 100 0 0 10 0
   1: 0000000000000000FFFF000002001EAC:65C5 0000000000000000FFFF0000A507A8C0:E914 01 00000000:00000000 00:00000000 00000000  1000        0 19733 1 000000008fe60dc2 20 4 27 10 -1
timestamp 2025-09-10T04:53:33+00:00
  sl  local_address rem_address   st tx_queue rx_queue tr tm->when retrnsmt   uid  timeout inode                                                     
   0: 00000000:0947 00000000:0000 0A 00000000:00000000 00:00000000 00000000     0        0 3374 1 00000000c02401b0 100 0 0 10 0                      
   1: 00000000:6784 00000000:0000 0A 00000000:00000000 00:00000000 00000000     0        0 2805 1 000000008185227b 100 0 0 10 0                      
   2: 02001EAC:AA2E 7D121268:01BB 01 00000000:00000000 00:00000000 00000000  1000        0 8218 1 000000000a778bf5 20 4 26 10 -1                     
   3: 02001EAC:855C 51990634:01BB 01 00000000:00000000 00:00000000 00000000  1000        0 5641 1 00000000e6ce5bc1 26 4 31 10 -1                     
   4: 02001EAC:6784 A507A8C0:910E 01 00000000:00000000 00:00000000 00000000     0        0 3750 1 00000000208bd012 20 4 26 10 -1                     
   5: 02001EAC:DDA0 01010101:0035 06 00000000:00000000 03:000016A1 00000000     0        0 0 3 00000000334fa7a6                                      
   6: 02001EAC:90B4 778A3634:01BB 01 00000000:00000000 02:000000C4 00000000  1000        0 5070 2 0000000042f12e22 27 4 31 10 -1                     
   7: 02001EAC:0947 A507A8C0:A960 01 00000000:00000000 00:00000000 00000000     0        0 1944 1 00000000e24cad1a 20 4 31 10 -1                     
   8: 02001EAC:D9A2 6F3CE122:01BB 01 00000000:00000000 02:00000E5C 00000000  1000        0 6460 2 000000008e87f52f 26 4 23 10 -1                     
   9: 02001EAC:E6DC 01010101:0035 06 00000000:00000000 03:00001104 00000000     0        0 0 3 0000000011bd6be6                                      
  sl  local_address                         remote_address                        st tx_queue rx_queue tr tm->when retrnsmt   uid  timeout inode
   0: 00000000000000000000000000000000:65C5 00000000000000000000000000000000:0000 0A 00000000:00000000 00:00000000 00000000  1000        0 4755 1 00000000e354c165 100 0 0 10 0
   1: 0000000000000000FFFF000002001EAC:65C5 0000000000000000FFFF0000A507A8C0:E914 01 00000000:00000000 00:00000000 00000000  1000        0 19733 2 000000008fe60dc2 20 4 27 10 -1
timestamp 2025-09-10T04:53:35+00:00
  sl  local_address rem_address   st tx_queue rx_queue tr tm->when retrnsmt   uid  timeout inode                                                     
   0: 00000000:0947 00000000:0000 0A 00000000:00000000 00:00000000 00000000     0        0 3374 1 00000000c02401b0 100 0 0 10 0                      
   1: 00000000:6784 00000000:0000 0A 00000000:00000000 00:00000000 00000000     0        0 2805 1 000000008185227b 100 0 0 10 0                      
   2: 02001EAC:AA2E 7D121268:01BB 01 00000000:00000000 00:00000000 00000000  1000        0 8218 1 000000000a778bf5 20 4 26 10 -1                     
   3: 02001EAC:855C 51990634:01BB 01 00000000:00000000 00:00000000 00000000  1000        0 5641 1 00000000e6ce5bc1 26 4 31 10 -1                     
   4: 02001EAC:6784 A507A8C0:910E 01 00000000:00000000 00:00000000 00000000     0        0 3750 1 00000000208bd012 20 4 26 10 -1                     
   5: 02001EAC:DDA0 01010101:0035 06 00000000:00000000 03:000015CD 00000000     0        0 0 3 00000000334fa7a6                                      
   6: 02001EAC:90B4 778A3634:01BB 01 00000000:00000000 02:00000AFE 00000000  1000        0 5070 2 0000000042f12e22 27 4 31 10 -1                     
   7: 02001EAC:0947 A507A8C0:A960 01 00000000:00000000 00:00000000 00000000     0        0 1944 1 00000000e24cad1a 20 4 31 10 -1                     
   8: 02001EAC:D9A2 6F3CE122:01BB 01 00000000:00000000 02:00000D88 00000000  1000        0 6460 2 000000008e87f52f 26 4 23 10 -1                     
   9: 02001EAC:E6DC 01010101:0035 06 00000000:00000000 03:00001030 00000000     0        0 0 3 0000000011bd6be6                                      
  sl  local_address                         remote_address                        st tx_queue rx_queue tr tm->when retrnsmt   uid  timeout inode
   0: 00000000000000000000000000000000:65C5 00000000000000000000000000000000:0000 0A 00000000:00000000 00:00000000 00000000  1000        0 4755 1 00000000e354c165 100 0 0 10 0
   1: 0000000000000000FFFF000002001EAC:65C5 0000000000000000FFFF0000A507A8C0:E914 01 00000000:00000000 00:00000000 00000000  1000        0 19733 1 000000008fe60dc2 20 4 27 10 -1
timestamp 2025-09-10T04:53:37+00:00
  sl  local_address rem_address   st tx_queue rx_queue tr tm->when retrnsmt   uid  timeout inode                                                     
   0: 00000000:0947 00000000:0000 0A 00000000:00000000 00:00000000 00000000     0        0 3374 1 00000000c02401b0 100 0 0 10 0                      
   1: 00000000:6784 00000000:0000 0A 00000000:00000000 00:00000000 00000000     0        0 2805 1 000000008185227b 100 0 0 10 0                      
   2: 02001EAC:AA2E 7D121268:01BB 01 00000000:00000000 00:00000000 00000000  1000        0 8218 1 000000000a778bf5 20 4 26 10 -1                     
   3: 02001EAC:855C 51990634:01BB 01 00000000:00000000 00:00000000 00000000  1000        0 5641 1 00000000e6ce5bc1 26 4 31 10 -1                     
   4: 02001EAC:6784 A507A8C0:910E 01 00000000:00000000 00:00000000 00000000     0        0 3750 1 00000000208bd012 20 4 26 10 -1                     
   5: 02001EAC:DDA0 01010101:0035 06 00000000:00000000 03:000014FA 00000000     0        0 0 3 00000000334fa7a6                                      
   6: 02001EAC:90B4 778A3634:01BB 01 00000000:00000000 02:00000A2A 00000000  1000        0 5070 2 0000000042f12e22 27 4 31 10 -1                     
   7: 02001EAC:0947 A507A8C0:A960 01 00000000:00000000 00:00000000 00000000     0        0 1944 1 00000000e24cad1a 20 4 31 10 -1                     
   8: 02001EAC:D9A2 6F3CE122:01BB 01 00000000:00000000 02:00000CB4 00000000  1000        0 6460 2 000000008e87f52f 26 4 23 10 -1                     
   9: 02001EAC:E6DC 01010101:0035 06 00000000:00000000 03:00000F5C 00000000     0        0 0 3 0000000011bd6be6                                      
  sl  local_address                         remote_address                        st tx_queue rx_queue tr tm->when retrnsmt   uid  timeout inode
   0: 00000000000000000000000000000000:65C5 00000000000000000000000000000000:0000 0A 00000000:00000000 00:00000000 00000000  1000        0 4755 1 00000000e354c165 100 0 0 10 0
   1: 0000000000000000FFFF000002001EAC:65C5 0000000000000000FFFF0000A507A8C0:E914 01 00000000:00000000 00:00000000 00000000  1000        0 19733 1 000000008fe60dc2 20 4 3 10 -1
timestamp 2025-09-10T04:53:39+00:00
  sl  local_address rem_address   st tx_queue rx_queue tr tm->when retrnsmt   uid  timeout inode                                                     
   0: 00000000:0947 00000000:0000 0A 00000000:00000000 00:00000000 00000000     0        0 3374 1 00000000c02401b0 100 0 0 10 0                      
   1: 00000000:6784 00000000:0000 0A 00000000:00000000 00:00000000 00000000     0        0 2805 1 000000008185227b 100 0 0 10 0                      
   2: 02001EAC:AA2E 7D121268:01BB 01 00000000:00000000 00:00000000 00000000  1000        0 8218 1 000000000a778bf5 20 4 26 10 -1                     
   3: 02001EAC:855C 51990634:01BB 01 00000000:00000000 00:00000000 00000000  1000        0 5641 1 00000000e6ce5bc1 26 4 31 10 -1                     
   4: 02001EAC:6784 A507A8C0:910E 01 00000000:00000000 00:00000000 00000000     0        0 3750 1 00000000208bd012 20 4 26 10 -1                     
   5: 02001EAC:DDA0 01010101:0035 06 00000000:00000000 03:00001426 00000000     0        0 0 3 00000000334fa7a6                                      
   6: 02001EAC:90B4 778A3634:01BB 01 00000000:00000000 02:00000956 00000000  1000        0 5070 2 0000000042f12e22 27 4 31 10 -1                     
   7: 02001EAC:0947 A507A8C0:A960 01 00000000:00000000 00:00000000 00000000     0        0 1944 1 00000000e24cad1a 20 4 31 10 -1                     
   8: 02001EAC:D9A2 6F3CE122:01BB 01 00000000:00000000 02:00000BE1 00000000  1000        0 6460 2 000000008e87f52f 26 4 23 10 -1                     
   9: 02001EAC:E6DC 01010101:0035 06 00000000:00000000 03:00000E89 00000000     0        0 0 3 0000000011bd6be6                                      
  sl  local_address                         remote_address                        st tx_queue rx_queue tr tm->when retrnsmt   uid  timeout inode
   0: 00000000000000000000000000000000:65C5 00000000000000000000000000000000:0000 0A 00000000:00000000 00:00000000 00000000  1000        0 4755 1 00000000e354c165 100 0 0 10 0
   1: 0000000000000000FFFF000002001EAC:65C5 0000000000000000FFFF0000A507A8C0:E914 01 00000000:00000000 00:00000000 00000000  1000        0 19733 1 000000008fe60dc2 20 4 21 10 -1
timestamp 2025-09-10T04:53:41+00:00
  sl  local_address rem_address   st tx_queue rx_queue tr tm->when retrnsmt   uid  timeout inode                                                     
   0: 00000000:0947 00000000:0000 0A 00000000:00000000 00:00000000 00000000     0        0 3374 1 00000000c02401b0 100 0 0 10 0                      
   1: 00000000:6784 00000000:0000 0A 00000000:00000000 00:00000000 00000000     0        0 2805 1 000000008185227b 100 0 0 10 0                      
   2: 02001EAC:AA2E 7D121268:01BB 01 00000000:00000000 00:00000000 00000000  1000        0 8218 1 000000000a778bf5 20 4 26 10 -1                     
   3: 02001EAC:855C 51990634:01BB 01 00000000:00000000 00:00000000 00000000  1000        0 5641 1 00000000e6ce5bc1 26 4 31 10 -1                     
   4: 02001EAC:6784 A507A8C0:910E 01 00000000:00000000 00:00000000 00000000     0        0 3750 1 00000000208bd012 20 4 26 10 -1                     
   5: 02001EAC:DDA0 01010101:0035 06 00000000:00000000 03:00001352 00000000     0        0 0 3 00000000334fa7a6                                      
   6: 02001EAC:90B4 778A3634:01BB 01 00000000:00000000 02:00000882 00000000  1000        0 5070 2 0000000042f12e22 27 4 31 10 -1                     
   7: 02001EAC:0947 A507A8C0:A960 01 00000000:00000000 00:00000000 00000000     0        0 1944 1 00000000e24cad1a 20 4 31 10 -1                     
   8: 02001EAC:D9A2 6F3CE122:01BB 01 00000000:00000000 02:00000B0D 00000000  1000        0 6460 2 000000008e87f52f 26 4 23 10 -1                     
   9: 02001EAC:E6DC 01010101:0035 06 00000000:00000000 03:00000DB5 00000000     0        0 0 3 0000000011bd6be6                                      
  sl  local_address                         remote_address                        st tx_queue rx_queue tr tm->when retrnsmt   uid  timeout inode
   0: 00000000000000000000000000000000:65C5 00000000000000000000000000000000:0000 0A 00000000:00000000 00:00000000 00000000  1000        0 4755 1 00000000e354c165 100 0 0 10 0
   1: 0000000000000000FFFF000002001EAC:65C5 0000000000000000FFFF0000A507A8C0:E914 01 00000000:00000000 00:00000000 00000000  1000        0 19733 1 000000008fe60dc2 20 4 21 10 -1
timestamp 2025-09-10T04:53:43+00:00
  sl  local_address rem_address   st tx_queue rx_queue tr tm->when retrnsmt   uid  timeout inode                                                     
   0: 00000000:0947 00000000:0000 0A 00000000:00000000 00:00000000 00000000     0        0 3374 1 00000000c02401b0 100 0 0 10 0                      
   1: 00000000:6784 00000000:0000 0A 00000000:00000000 00:00000000 00000000     0        0 2805 1 000000008185227b 100 0 0 10 0                      
   2: 02001EAC:AA2E 7D121268:01BB 01 00000000:00000000 00:00000000 00000000  1000        0 8218 1 000000000a778bf5 20 4 26 10 -1                     
   3: 02001EAC:855C 51990634:01BB 01 00000000:00000000 00:00000000 00000000  1000        0 5641 1 00000000e6ce5bc1 26 4 31 10 -1                     
   4: 02001EAC:6784 A507A8C0:910E 01 00000000:00000000 00:00000000 00000000     0        0 3750 1 00000000208bd012 20 4 26 10 -1                     
   5: 02001EAC:DDA0 01010101:0035 06 00000000:00000000 03:0000127E 00000000     0        0 0 3 00000000334fa7a6                                      
   6: 02001EAC:90B4 778A3634:01BB 01 00000000:00000000 02:000007AF 00000000  1000        0 5070 2 0000000042f12e22 27 4 31 10 -1                     
   7: 02001EAC:0947 A507A8C0:A960 01 00000000:00000000 00:00000000 00000000     0        0 1944 1 00000000e24cad1a 20 4 31 10 -1                     
   8: 02001EAC:D9A2 6F3CE122:01BB 01 00000000:00000000 02:00000A39 00000000  1000        0 6460 2 000000008e87f52f 26 4 23 10 -1                     
   9: 02001EAC:E6DC 01010101:0035 06 00000000:00000000 03:00000CE1 00000000     0        0 0 3 0000000011bd6be6                                      
  sl  local_address                         remote_address                        st tx_queue rx_queue tr tm->when retrnsmt   uid  timeout inode
   0: 00000000000000000000000000000000:65C5 00000000000000000000000000000000:0000 0A 00000000:00000000 00:00000000 00000000  1000        0 4755 1 00000000e354c165 100 0 0 10 0
   1: 0000000000000000FFFF000002001EAC:65C5 0000000000000000FFFF0000A507A8C0:E914 01 00000000:00000000 00:00000000 00000000  1000        0 19733 1 000000008fe60dc2 20 4 27 10 -1
timestamp 2025-09-10T04:53:45+00:00
  sl  local_address rem_address   st tx_queue rx_queue tr tm->when retrnsmt   uid  timeout inode                                                     
   0: 00000000:0947 00000000:0000 0A 00000000:00000000 00:00000000 00000000     0        0 3374 1 00000000c02401b0 100 0 0 10 0                      
   1: 00000000:6784 00000000:0000 0A 00000000:00000000 00:00000000 00000000     0        0 2805 1 000000008185227b 100 0 0 10 0                      
   2: 02001EAC:AA2E 7D121268:01BB 01 00000000:00000000 00:00000000 00000000  1000        0 8218 1 000000000a778bf5 20 4 26 10 -1                     
   3: 02001EAC:855C 51990634:01BB 01 00000000:00000000 00:00000000 00000000  1000        0 5641 1 00000000e6ce5bc1 26 4 31 10 -1                     
   4: 02001EAC:6784 A507A8C0:910E 01 00000000:00000000 00:00000000 00000000     0        0 3750 1 00000000208bd012 20 4 26 10 -1                     
   5: 02001EAC:DDA0 01010101:0035 06 00000000:00000000 03:000011AA 00000000     0        0 0 3 00000000334fa7a6                                      
   6: 02001EAC:90B4 778A3634:01BB 01 00000000:00000000 02:000006DB 00000000  1000        0 5070 2 0000000042f12e22 27 4 31 10 -1                     
   7: 02001EAC:0947 A507A8C0:A960 01 00000000:00000000 00:00000000 00000000     0        0 1944 1 00000000e24cad1a 20 4 31 10 -1                     
   8: 02001EAC:D9A2 6F3CE122:01BB 01 00000000:00000000 02:00000965 00000000  1000        0 6460 2 000000008e87f52f 26 4 23 10 -1                     
   9: 02001EAC:E6DC 01010101:0035 06 00000000:00000000 03:00000C0D 00000000     0        0 0 3 0000000011bd6be6                                      
  sl  local_address                         remote_address                        st tx_queue rx_queue tr tm->when retrnsmt   uid  timeout inode
   0: 00000000000000000000000000000000:65C5 00000000000000000000000000000000:0000 0A 00000000:00000000 00:00000000 00000000  1000        0 4755 1 00000000e354c165 100 0 0 10 0
   1: 0000000000000000FFFF000002001EAC:65C5 0000000000000000FFFF0000A507A8C0:E914 01 00000000:00000000 00:00000000 00000000  1000        0 19733 1 000000008fe60dc2 20 4 27 10 -1
timestamp 2025-09-10T04:53:47+00:00
  sl  local_address rem_address   st tx_queue rx_queue tr tm->when retrnsmt   uid  timeout inode                                                     
   0: 00000000:0947 00000000:0000 0A 00000000:00000000 00:00000000 00000000     0        0 3374 1 00000000c02401b0 100 0 0 10 0                      
   1: 00000000:6784 00000000:0000 0A 00000000:00000000 00:00000000 00000000     0        0 2805 1 000000008185227b 100 0 0 10 0                      
   2: 02001EAC:AA2E 7D121268:01BB 01 00000000:00000000 00:00000000 00000000  1000        0 8218 1 000000000a778bf5 20 4 26 10 -1                     
   3: 02001EAC:855C 51990634:01BB 01 00000000:00000000 00:00000000 00000000  1000        0 5641 1 00000000e6ce5bc1 26 4 31 10 -1                     
   4: 02001EAC:6784 A507A8C0:910E 01 00000000:00000000 00:00000000 00000000     0        0 3750 1 00000000208bd012 20 4 26 10 -1                     
   5: 02001EAC:DDA0 01010101:0035 06 00000000:00000000 03:000010D6 00000000     0        0 0 3 00000000334fa7a6                                      
   6: 02001EAC:90B4 778A3634:01BB 01 00000000:00000000 02:00000607 00000000  1000        0 5070 2 0000000042f12e22 27 4 31 10 -1                     
   7: 02001EAC:0947 A507A8C0:A960 01 00000000:00000000 00:00000000 00000000     0        0 1944 1 00000000e24cad1a 20 4 31 10 -1                     
   8: 02001EAC:D9A2 6F3CE122:01BB 01 00000000:00000000 02:00000891 00000000  1000        0 6460 2 000000008e87f52f 26 4 23 10 -1                     
   9: 02001EAC:E6DC 01010101:0035 06 00000000:00000000 03:00000B39 00000000     0        0 0 3 0000000011bd6be6                                      
  sl  local_address                         remote_address                        st tx_queue rx_queue tr tm->when retrnsmt   uid  timeout inode
   0: 00000000000000000000000000000000:65C5 00000000000000000000000000000000:0000 0A 00000000:00000000 00:00000000 00000000  1000        0 4755 1 00000000e354c165 100 0 0 10 0
   1: 0000000000000000FFFF000002001EAC:65C5 0000000000000000FFFF0000A507A8C0:E914 01 00000000:00000000 00:00000000 00000000  1000        0 19733 1 000000008fe60dc2 20 4 30 10 -1
timestamp 2025-09-10T04:53:50+00:00
  sl  local_address rem_address   st tx_queue rx_queue tr tm->when retrnsmt   uid  timeout inode                                                     
   0: 00000000:0947 00000000:0000 0A 00000000:00000000 00:00000000 00000000     0        0 3374 1 00000000c02401b0 100 0 0 10 0                      
   1: 00000000:6784 00000000:0000 0A 00000000:00000000 00:00000000 00000000     0        0 2805 1 000000008185227b 100 0 0 10 0                      
   2: 02001EAC:AA2E 7D121268:01BB 01 00000000:00000000 00:00000000 00000000  1000        0 8218 1 000000000a778bf5 20 4 26 10 -1                     
   3: 02001EAC:855C 51990634:01BB 01 00000000:00000000 00:00000000 00000000  1000        0 5641 1 00000000e6ce5bc1 26 4 31 10 -1                     
   4: 02001EAC:D138 01010101:0035 06 00000000:00000000 03:00001728 00000000     0        0 0 3 000000005df894a5                                      
   5: 02001EAC:E81E 0474528C:01BB 01 00000000:00000000 02:00001728 00000000  1000        0 26250 2 0000000057f72c46 21 4 16 29 -1                    
   6: 02001EAC:6784 A507A8C0:910E 01 00000000:00000000 00:00000000 00000000     0        0 3750 1 00000000208bd012 20 4 26 10 -1                     
   7: 02001EAC:DDA0 01010101:0035 06 00000000:00000000 03:00001002 00000000     0        0 0 3 00000000334fa7a6                                      
   8: 02001EAC:90B4 778A3634:01BB 01 00000000:00000000 02:00000533 00000000  1000        0 5070 2 0000000042f12e22 27 4 31 10 -1                     
   9: 02001EAC:0947 A507A8C0:A960 01 00000000:00000000 00:00000000 00000000     0        0 1944 1 00000000e24cad1a 20 4 31 10 -1                     
  10: 02001EAC:D9A2 6F3CE122:01BB 01 00000000:00000000 02:000007BD 00000000  1000        0 6460 2 000000008e87f52f 26 4 23 10 -1                     
  11: 02001EAC:E6DC 01010101:0035 06 00000000:00000000 03:00000A65 00000000     0        0 0 3 0000000011bd6be6                                      
  sl  local_address                         remote_address                        st tx_queue rx_queue tr tm->when retrnsmt   uid  timeout inode
   0: 00000000000000000000000000000000:65C5 00000000000000000000000000000000:0000 0A 00000000:00000000 00:00000000 00000000  1000        0 4755 1 00000000e354c165 100 0 0 10 0
   1: 0000000000000000FFFF000002001EAC:65C5 0000000000000000FFFF0000A507A8C0:E914 01 00000000:00000000 00:00000000 00000000  1000        0 19733 1 000000008fe60dc2 20 4 0 10 -1
timestamp 2025-09-10T04:53:52+00:00
  sl  local_address rem_address   st tx_queue rx_queue tr tm->when retrnsmt   uid  timeout inode                                                     
   0: 00000000:0947 00000000:0000 0A 00000000:00000000 00:00000000 00000000     0        0 3374 1 00000000c02401b0 100 0 0 10 0                      
   1: 00000000:6784 00000000:0000 0A 00000000:00000000 00:00000000 00000000     0        0 2805 1 000000008185227b 100 0 0 10 0                      
   2: 02001EAC:AA2E 7D121268:01BB 01 00000000:00000000 00:00000000 00000000  1000        0 8218 1 000000000a778bf5 20 4 26 10 -1                     
   3: 02001EAC:855C 51990634:01BB 01 00000000:00000000 00:00000000 00000000  1000        0 5641 1 00000000e6ce5bc1 26 4 31 10 -1                     
   4: 02001EAC:D138 01010101:0035 06 00000000:00000000 03:00001654 00000000     0        0 0 3 000000005df894a5                                      
   5: 02001EAC:6784 A507A8C0:910E 01 00000000:00000000 00:00000000 00000000     0        0 3750 1 00000000208bd012 20 4 26 10 -1                     
   6: 02001EAC:DDA0 01010101:0035 06 00000000:00000000 03:00000F2F 00000000     0        0 0 3 00000000334fa7a6                                      
   7: 02001EAC:90B4 778A3634:01BB 01 00000000:00000000 02:0000045F 00000000  1000        0 5070 2 0000000042f12e22 27 4 31 10 -1                     
   8: 02001EAC:0947 A507A8C0:A960 01 00000000:00000000 00:00000000 00000000     0        0 1944 1 00000000e24cad1a 20 4 31 10 -1                     
   9: 02001EAC:D9A2 6F3CE122:01BB 01 00000000:00000000 02:000006EA 00000000  1000        0 6460 2 000000008e87f52f 26 4 23 10 -1                     
  10: 02001EAC:E6DC 01010101:0035 06 00000000:00000000 03:00000992 00000000     0        0 0 3 0000000011bd6be6                                      
  sl  local_address                         remote_address                        st tx_queue rx_queue tr tm->when retrnsmt   uid  timeout inode
   0: 00000000000000000000000000000000:65C5 00000000000000000000000000000000:0000 0A 00000000:00000000 00:00000000 00000000  1000        0 4755 1 00000000e354c165 100 0 0 10 0
   1: 0000000000000000FFFF000002001EAC:65C5 0000000000000000FFFF0000A507A8C0:E914 01 00000000:00000000 00:00000000 00000000  1000        0 19733 1 000000008fe60dc2 20 4 9 10 -1
timestamp 2025-09-10T04:53:54+00:00
  sl  local_address rem_address   st tx_queue rx_queue tr tm->when retrnsmt   uid  timeout inode                                                     
   0: 00000000:0947 00000000:0000 0A 00000000:00000000 00:00000000 00000000     0        0 3374 1 00000000c02401b0 100 0 0 10 0                      
   1: 00000000:6784 00000000:0000 0A 00000000:00000000 00:00000000 00000000     0        0 2805 1 000000008185227b 100 0 0 10 0                      
   2: 02001EAC:AA2E 7D121268:01BB 01 00000000:00000000 00:00000000 00000000  1000        0 8218 1 000000000a778bf5 20 4 26 10 -1                     
   3: 02001EAC:855C 51990634:01BB 01 00000000:00000000 00:00000000 00000000  1000        0 5641 1 00000000e6ce5bc1 26 4 31 10 -1                     
   4: 02001EAC:D138 01010101:0035 06 00000000:00000000 03:00001580 00000000     0        0 0 3 000000005df894a5                                      
   5: 02001EAC:6784 A507A8C0:910E 01 00000000:00000000 00:00000000 00000000     0        0 3750 1 00000000208bd012 20 4 26 10 -1                     
   6: 02001EAC:DDA0 01010101:0035 06 00000000:00000000 03:00000E5B 00000000     0        0 0 3 00000000334fa7a6                                      
   7: 02001EAC:90B4 778A3634:01BB 01 00000000:00000000 02:0000038C 00000000  1000        0 5070 2 0000000042f12e22 27 4 31 10 -1                     
   8: 02001EAC:0947 A507A8C0:A960 01 00000000:00000000 00:00000000 00000000     0        0 1944 1 00000000e24cad1a 20 4 31 10 -1                     
   9: 02001EAC:D9A2 6F3CE122:01BB 01 00000000:00000000 02:00000616 00000000  1000        0 6460 2 000000008e87f52f 26 4 23 10 -1                     
  10: 02001EAC:E6DC 01010101:0035 06 00000000:00000000 03:000008BE 00000000     0        0 0 3 0000000011bd6be6                                      
  sl  local_address                         remote_address                        st tx_queue rx_queue tr tm->when retrnsmt   uid  timeout inode
   0: 00000000000000000000000000000000:65C5 00000000000000000000000000000000:0000 0A 00000000:00000000 00:00000000 00000000  1000        0 4755 1 00000000e354c165 100 0 0 10 0
   1: 0000000000000000FFFF000002001EAC:65C5 0000000000000000FFFF0000A507A8C0:88FA 01 00000000:00000000 00:00000000 00000000  1000        0 28025 1 000000008e905da2 20 4 27 10 -1
   2: 0000000000000000FFFF000002001EAC:65C5 0000000000000000FFFF0000A507A8C0:E914 01 00000000:00000000 00:00000000 00000000  1000        0 19733 1 000000008fe60dc2 20 4 27 10 -1
timestamp 2025-09-10T04:53:56+00:00
  sl  local_address rem_address   st tx_queue rx_queue tr tm->when retrnsmt   uid  timeout inode                                                     
   0: 00000000:0947 00000000:0000 0A 00000000:00000000 00:00000000 00000000     0        0 3374 1 00000000c02401b0 100 0 0 10 0                      
   1: 00000000:6784 00000000:0000 0A 00000000:00000000 00:00000000 00000000     0        0 2805 1 000000008185227b 100 0 0 10 0                      
   2: 02001EAC:AA2E 7D121268:01BB 01 00000000:00000000 00:00000000 00000000  1000        0 8218 1 000000000a778bf5 20 4 26 10 -1                     
   3: 02001EAC:855C 51990634:01BB 01 00000000:00000000 00:00000000 00000000  1000        0 5641 1 00000000e6ce5bc1 26 4 31 10 -1                     
   4: 02001EAC:D138 01010101:0035 06 00000000:00000000 03:000014AC 00000000     0        0 0 3 000000005df894a5                                      
   5: 02001EAC:6784 A507A8C0:910E 01 00000000:00000000 00:00000000 00000000     0        0 3750 1 00000000208bd012 20 4 26 10 -1                     
   6: 02001EAC:DDA0 01010101:0035 06 00000000:00000000 03:00000D87 00000000     0        0 0 3 00000000334fa7a6                                      
   7: 02001EAC:90B4 778A3634:01BB 01 00000000:00000000 02:000002B8 00000000  1000        0 5070 2 0000000042f12e22 27 4 31 10 -1                     
   8: 02001EAC:0947 A507A8C0:A960 01 00000000:00000000 00:00000000 00000000     0        0 1944 1 00000000e24cad1a 20 4 31 10 -1                     
   9: 02001EAC:D9A2 6F3CE122:01BB 01 00000000:00000000 02:00000542 00000000  1000        0 6460 2 000000008e87f52f 26 4 23 10 -1                     
  10: 02001EAC:E6DC 01010101:0035 06 00000000:00000000 03:000007EA 00000000     0        0 0 3 0000000011bd6be6                                      
  sl  local_address                         remote_address                        st tx_queue rx_queue tr tm->when retrnsmt   uid  timeout inode
   0: 00000000000000000000000000000000:65C5 00000000000000000000000000000000:0000 0A 00000000:00000000 00:00000000 00000000  1000        0 4755 1 00000000e354c165 100 0 0 10 0
   1: 0000000000000000FFFF000002001EAC:65C5 0000000000000000FFFF0000A507A8C0:88FA 01 00000000:00000000 00:00000000 00000000  1000        0 28025 1 000000008e905da2 20 4 27 10 -1
   2: 0000000000000000FFFF000002001EAC:65C5 0000000000000000FFFF0000A507A8C0:E914 01 00000000:00000000 00:00000000 00000000  1000        0 19733 1 000000008fe60dc2 20 4 27 10 -1
timestamp 2025-09-10T04:53:58+00:00
  sl  local_address rem_address   st tx_queue rx_queue tr tm->when retrnsmt   uid  timeout inode                                                     
   0: 00000000:0947 00000000:0000 0A 00000000:00000000 00:00000000 00000000     0        0 3374 1 00000000c02401b0 100 0 0 10 0                      
   1: 00000000:6784 00000000:0000 0A 00000000:00000000 00:00000000 00000000     0        0 2805 1 000000008185227b 100 0 0 10 0                      
   2: 02001EAC:AA2E 7D121268:01BB 01 00000000:00000000 00:00000000 00000000  1000        0 8218 1 000000000a778bf5 20 4 26 10 -1                     
   3: 02001EAC:855C 51990634:01BB 01 00000000:00000000 00:00000000 00000000  1000        0 5641 1 00000000e6ce5bc1 26 4 31 10 -1                     
   4: 02001EAC:D138 01010101:0035 06 00000000:00000000 03:000013D9 00000000     0        0 0 3 000000005df894a5                                      
   5: 02001EAC:6784 A507A8C0:910E 01 00000000:00000000 00:00000000 00000000     0        0 3750 1 00000000208bd012 20 4 26 10 -1                     
   6: 02001EAC:DDA0 01010101:0035 06 00000000:00000000 03:00000CB4 00000000     0        0 0 3 00000000334fa7a6                                      
   7: 02001EAC:90B4 778A3634:01BB 01 00000000:00000000 02:000001E4 00000000  1000        0 5070 2 0000000042f12e22 27 4 31 10 -1                     
   8: 02001EAC:0947 A507A8C0:A960 01 00000000:00000000 00:00000000 00000000     0        0 1944 1 00000000e24cad1a 20 4 31 10 -1                     
   9: 02001EAC:D9A2 6F3CE122:01BB 01 00000000:00000000 02:0000046E 00000000  1000        0 6460 2 000000008e87f52f 26 4 23 10 -1                     
  10: 02001EAC:E6DC 01010101:0035 06 00000000:00000000 03:00000716 00000000     0        0 0 3 0000000011bd6be6                                      
  sl  local_address                         remote_address                        st tx_queue rx_queue tr tm->when retrnsmt   uid  timeout inode
   0: 00000000000000000000000000000000:65C5 00000000000000000000000000000000:0000 0A 00000000:00000000 00:00000000 00000000  1000        0 4755 1 00000000e354c165 100 0 0 10 0
   1: 0000000000000000FFFF000002001EAC:65C5 0000000000000000FFFF0000A507A8C0:88FA 06 00000000:00000000 03:00001702 00000000     0        0 0 3 0000000085de9e7c
   2: 0000000000000000FFFF000002001EAC:65C5 0000000000000000FFFF0000A507A8C0:E914 01 00000000:00000000 00:00000000 00000000  1000        0 19733 1 000000008fe60dc2 20 4 27 10 -1
timestamp 2025-09-10T04:54:00+00:00
  sl  local_address rem_address   st tx_queue rx_queue tr tm->when retrnsmt   uid  timeout inode                                                     
   0: 00000000:0947 00000000:0000 0A 00000000:00000000 00:00000000 00000000     0        0 3374 1 00000000c02401b0 100 0 0 10 0                      
   1: 00000000:6784 00000000:0000 0A 00000000:00000000 00:00000000 00000000     0        0 2805 1 000000008185227b 100 0 0 10 0                      
   2: 02001EAC:AA2E 7D121268:01BB 01 00000000:00000000 00:00000000 00000000  1000        0 8218 1 000000000a778bf5 20 4 26 10 -1                     
   3: 02001EAC:855C 51990634:01BB 01 00000000:00000000 00:00000000 00000000  1000        0 5641 1 00000000e6ce5bc1 26 4 31 10 -1                     
   4: 02001EAC:D138 01010101:0035 06 00000000:00000000 03:00001305 00000000     0        0 0 3 000000005df894a5                                      
   5: 02001EAC:6784 A507A8C0:910E 01 00000000:00000000 00:00000000 00000000     0        0 3750 1 00000000208bd012 20 4 26 10 -1                     
   6: 02001EAC:DDA0 01010101:0035 06 00000000:00000000 03:00000BE0 00000000     0        0 0 3 00000000334fa7a6                                      
   7: 02001EAC:90B4 778A3634:01BB 01 00000000:00000000 02:00000110 00000000  1000        0 5070 2 0000000042f12e22 27 4 31 10 -1                     
   8: 02001EAC:0947 A507A8C0:A960 01 00000000:00000000 00:00000000 00000000     0        0 1944 1 00000000e24cad1a 20 4 31 10 -1                     
   9: 02001EAC:D9A2 6F3CE122:01BB 01 00000000:00000000 02:0000039A 00000000  1000        0 6460 2 000000008e87f52f 26 4 23 10 -1                     
  10: 02001EAC:E6DC 01010101:0035 06 00000000:00000000 03:00000642 00000000     0        0 0 3 0000000011bd6be6                                      
  sl  local_address                         remote_address                        st tx_queue rx_queue tr tm->when retrnsmt   uid  timeout inode
   0: 00000000000000000000000000000000:65C5 00000000000000000000000000000000:0000 0A 00000000:00000000 00:00000000 00000000  1000        0 4755 1 00000000e354c165 100 0 0 10 0
   1: 0000000000000000FFFF000002001EAC:65C5 0000000000000000FFFF0000A507A8C0:88FA 06 00000000:00000000 03:0000162E 00000000     0        0 0 3 0000000085de9e7c
   2: 0000000000000000FFFF000002001EAC:65C5 0000000000000000FFFF0000A507A8C0:E914 01 00000000:00000000 00:00000000 00000000  1000        0 19733 1 000000008fe60dc2 20 4 27 10 -1
timestamp 2025-09-10T04:54:02+00:00
  sl  local_address rem_address   st tx_queue rx_queue tr tm->when retrnsmt   uid  timeout inode                                                     
   0: 00000000:0947 00000000:0000 0A 00000000:00000000 00:00000000 00000000     0        0 3374 1 00000000c02401b0 100 0 0 10 0                      
   1: 00000000:6784 00000000:0000 0A 00000000:00000000 00:00000000 00000000     0        0 2805 1 000000008185227b 100 0 0 10 0                      
   2: 02001EAC:AA2E 7D121268:01BB 01 00000000:00000000 00:00000000 00000000  1000        0 8218 1 000000000a778bf5 20 4 26 10 -1                     
   3: 02001EAC:855C 51990634:01BB 01 00000000:00000000 00:00000000 00000000  1000        0 5641 1 00000000e6ce5bc1 26 4 31 10 -1                     
   4: 02001EAC:D138 01010101:0035 06 00000000:00000000 03:00001231 00000000     0        0 0 3 000000005df894a5                                      
   5: 02001EAC:6784 A507A8C0:910E 01 00000000:00000000 00:00000000 00000000     0        0 3750 1 00000000208bd012 20 4 26 10 -1                     
   6: 02001EAC:DDA0 01010101:0035 06 00000000:00000000 03:00000B0C 00000000     0        0 0 3 00000000334fa7a6                                      
   7: 02001EAC:90B4 778A3634:01BB 01 00000000:00000000 02:0000003C 00000000  1000        0 5070 2 0000000042f12e22 27 4 31 10 -1                     
   8: 02001EAC:0947 A507A8C0:A960 01 00000000:00000000 00:00000000 00000000     0        0 1944 1 00000000e24cad1a 20 4 31 10 -1                     
   9: 02001EAC:D9A2 6F3CE122:01BB 01 00000000:00000000 02:000002C7 00000000  1000        0 6460 2 000000008e87f52f 26 4 23 10 -1                     
  10: 02001EAC:E6DC 01010101:0035 06 00000000:00000000 03:0000056F 00000000     0        0 0 3 0000000011bd6be6                                      
  sl  local_address                         remote_address                        st tx_queue rx_queue tr tm->when retrnsmt   uid  timeout inode
   0: 00000000000000000000000000000000:65C5 00000000000000000000000000000000:0000 0A 00000000:00000000 00:00000000 00000000  1000        0 4755 1 00000000e354c165 100 0 0 10 0
   1: 0000000000000000FFFF000002001EAC:65C5 0000000000000000FFFF0000A507A8C0:88FA 06 00000000:00000000 03:0000155A 00000000     0        0 0 3 0000000085de9e7c
   2: 0000000000000000FFFF000002001EAC:65C5 0000000000000000FFFF0000A507A8C0:E914 01 00000000:00000000 00:00000000 00000000  1000        0 19733 2 000000008fe60dc2 20 4 3 10 -1
timestamp 2025-09-10T04:54:04+00:00
  sl  local_address rem_address   st tx_queue rx_queue tr tm->when retrnsmt   uid  timeout inode                                                     
   0: 00000000:0947 00000000:0000 0A 00000000:00000000 00:00000000 00000000     0        0 3374 1 00000000c02401b0 100 0 0 10 0                      
   1: 00000000:6784 00000000:0000 0A 00000000:00000000 00:00000000 00000000     0        0 2805 1 000000008185227b 100 0 0 10 0                      
   2: 02001EAC:AA2E 7D121268:01BB 01 00000000:00000000 00:00000000 00000000  1000        0 8218 1 000000000a778bf5 20 4 26 10 -1                     
   3: 02001EAC:855C 51990634:01BB 01 00000000:00000000 00:00000000 00000000  1000        0 5641 1 00000000e6ce5bc1 26 4 31 10 -1                     
   4: 02001EAC:D138 01010101:0035 06 00000000:00000000 03:0000115E 00000000     0        0 0 3 000000005df894a5                                      
   5: 02001EAC:6784 A507A8C0:910E 01 00000000:00000000 00:00000000 00000000     0        0 3750 1 00000000208bd012 20 4 26 10 -1                     
   6: 02001EAC:DDA0 01010101:0035 06 00000000:00000000 03:00000A38 00000000     0        0 0 3 00000000334fa7a6                                      
   7: 02001EAC:90B4 778A3634:01BB 01 00000000:00000000 02:00001124 00000000  1000        0 5070 2 0000000042f12e22 27 4 31 10 -1                     
   8: 02001EAC:0947 A507A8C0:A960 01 00000000:00000000 00:00000000 00000000     0        0 1944 1 00000000e24cad1a 20 4 31 10 -1                     
   9: 02001EAC:D9A2 6F3CE122:01BB 01 00000000:00000000 02:000001F3 00000000  1000        0 6460 2 000000008e87f52f 26 4 23 10 -1                     
  10: 02001EAC:E6DC 01010101:0035 06 00000000:00000000 03:0000049B 00000000     0        0 0 3 0000000011bd6be6                                      
  sl  local_address                         remote_address                        st tx_queue rx_queue tr tm->when retrnsmt   uid  timeout inode
   0: 00000000000000000000000000000000:65C5 00000000000000000000000000000000:0000 0A 00000000:00000000 00:00000000 00000000  1000        0 4755 1 00000000e354c165 100 0 0 10 0
   1: 0000000000000000FFFF000002001EAC:65C5 0000000000000000FFFF0000A507A8C0:88FA 06 00000000:00000000 03:00001486 00000000     0        0 0 3 0000000085de9e7c
   2: 0000000000000000FFFF000002001EAC:65C5 0000000000000000FFFF0000A507A8C0:E914 01 00000000:00000000 00:00000000 00000000  1000        0 19733 1 000000008fe60dc2 20 4 27 10 -1
timestamp 2025-09-10T04:54:06+00:00
  sl  local_address rem_address   st tx_queue rx_queue tr tm->when retrnsmt   uid  timeout inode                                                     
   0: 00000000:0947 00000000:0000 0A 00000000:00000000 00:00000000 00000000     0        0 3374 1 00000000c02401b0 100 0 0 10 0                      
   1: 00000000:6784 00000000:0000 0A 00000000:00000000 00:00000000 00000000     0        0 2805 1 000000008185227b 100 0 0 10 0                      
   2: 02001EAC:AA2E 7D121268:01BB 01 00000000:00000000 00:00000000 00000000  1000        0 8218 1 000000000a778bf5 20 4 26 10 -1                     
   3: 02001EAC:855C 51990634:01BB 01 00000000:00000000 00:00000000 00000000  1000        0 5641 1 00000000e6ce5bc1 26 4 31 10 -1                     
   4: 02001EAC:D138 01010101:0035 06 00000000:00000000 03:0000108A 00000000     0        0 0 3 000000005df894a5                                      
   5: 02001EAC:6784 A507A8C0:910E 01 00000000:00000000 00:00000000 00000000     0        0 3750 1 00000000208bd012 20 4 26 10 -1                     
   6: 02001EAC:DDA0 01010101:0035 06 00000000:00000000 03:00000965 00000000     0        0 0 3 00000000334fa7a6                                      
   7: 02001EAC:90B4 778A3634:01BB 01 00000000:00000000 02:00001050 00000000  1000        0 5070 2 0000000042f12e22 27 4 31 10 -1                     
   8: 02001EAC:0947 A507A8C0:A960 01 00000000:00000000 00:00000000 00000000     0        0 1944 1 00000000e24cad1a 20 4 31 10 -1                     
   9: 02001EAC:D9A2 6F3CE122:01BB 01 00000000:00000000 02:00000120 00000000  1000        0 6460 2 000000008e87f52f 26 4 23 10 -1                     
  10: 02001EAC:E6DC 01010101:0035 06 00000000:00000000 03:000003C8 00000000     0        0 0 3 0000000011bd6be6                                      
  sl  local_address                         remote_address                        st tx_queue rx_queue tr tm->when retrnsmt   uid  timeout inode
   0: 00000000000000000000000000000000:65C5 00000000000000000000000000000000:0000 0A 00000000:00000000 00:00000000 00000000  1000        0 4755 1 00000000e354c165 100 0 0 10 0
   1: 0000000000000000FFFF000002001EAC:65C5 0000000000000000FFFF0000A507A8C0:88FA 06 00000000:00000000 03:000013B2 00000000     0        0 0 3 0000000085de9e7c
   2: 0000000000000000FFFF000002001EAC:65C5 0000000000000000FFFF0000A507A8C0:E914 01 00000000:00000000 00:00000000 00000000  1000        0 19733 1 000000008fe60dc2 20 4 27 10 -1
timestamp 2025-09-10T04:54:09+00:00
  sl  local_address rem_address   st tx_queue rx_queue tr tm->when retrnsmt   uid  timeout inode                                                     
   0: 00000000:0947 00000000:0000 0A 00000000:00000000 00:00000000 00000000     0        0 3374 1 00000000c02401b0 100 0 0 10 0                      
   1: 00000000:6784 00000000:0000 0A 00000000:00000000 00:00000000 00000000     0        0 2805 1 000000008185227b 100 0 0 10 0                      
   2: 02001EAC:AA2E 7D121268:01BB 01 00000000:00000000 00:00000000 00000000  1000        0 8218 1 000000000a778bf5 20 4 26 10 -1                     
   3: 02001EAC:855C 51990634:01BB 01 00000000:00000000 00:00000000 00000000  1000        0 5641 1 00000000e6ce5bc1 26 4 31 10 -1                     
   4: 02001EAC:D138 01010101:0035 06 00000000:00000000 03:00000FB6 00000000     0        0 0 3 000000005df894a5                                      
   5: 02001EAC:6784 A507A8C0:910E 01 00000000:00000000 00:00000000 00000000     0        0 3750 1 00000000208bd012 20 4 26 10 -1                     
   6: 02001EAC:DDA0 01010101:0035 06 00000000:00000000 03:00000891 00000000     0        0 0 3 00000000334fa7a6                                      
   7: 02001EAC:90B4 778A3634:01BB 01 00000000:00000000 02:00000F7D 00000000  1000        0 5070 2 0000000042f12e22 27 4 31 10 -1                     
   8: 02001EAC:0947 A507A8C0:A960 01 00000000:00000000 00:00000000 00000000     0        0 1944 1 00000000e24cad1a 20 4 31 10 -1                     
   9: 02001EAC:D9A2 6F3CE122:01BB 01 00000000:00000000 02:0000004C 00000000  1000        0 6460 2 000000008e87f52f 26 4 23 10 -1                     
  10: 02001EAC:E6DC 01010101:0035 06 00000000:00000000 03:000002F4 00000000     0        0 0 3 0000000011bd6be6                                      
  sl  local_address                         remote_address                        st tx_queue rx_queue tr tm->when retrnsmt   uid  timeout inode
   0: 00000000000000000000000000000000:65C5 00000000000000000000000000000000:0000 0A 00000000:00000000 00:00000000 00000000  1000        0 4755 1 00000000e354c165 100 0 0 10 0
   1: 0000000000000000FFFF000002001EAC:65C5 0000000000000000FFFF0000A507A8C0:88FA 06 00000000:00000000 03:000012DF 00000000     0        0 0 3 0000000085de9e7c
   2: 0000000000000000FFFF000002001EAC:65C5 0000000000000000FFFF0000A507A8C0:E914 01 00000000:00000000 00:00000000 00000000  1000        0 19733 1 000000008fe60dc2 20 4 27 10 -1
timestamp 2025-09-10T04:54:11+00:00
  sl  local_address rem_address   st tx_queue rx_queue tr tm->when retrnsmt   uid  timeout inode                                                     
   0: 00000000:0947 00000000:0000 0A 00000000:00000000 00:00000000 00000000     0        0 3374 1 00000000c02401b0 100 0 0 10 0                      
   1: 00000000:6784 00000000:0000 0A 00000000:00000000 00:00000000 00000000     0        0 2805 1 000000008185227b 100 0 0 10 0                      
   2: 02001EAC:AA2E 7D121268:01BB 01 00000000:00000000 00:00000000 00000000  1000        0 8218 1 000000000a778bf5 20 4 26 10 -1                     
   3: 02001EAC:855C 51990634:01BB 01 00000000:00000000 00:00000000 00000000  1000        0 5641 1 00000000e6ce5bc1 26 4 31 10 -1                     
   4: 02001EAC:D138 01010101:0035 06 00000000:00000000 03:00000EE2 00000000     0        0 0 3 000000005df894a5                                      
   5: 02001EAC:6784 A507A8C0:910E 01 00000000:00000000 00:00000000 00000000     0        0 3750 1 00000000208bd012 20 4 26 10 -1                     
   6: 02001EAC:DDA0 01010101:0035 06 00000000:00000000 03:000007BD 00000000     0        0 0 3 00000000334fa7a6                                      
   7: 02001EAC:90B4 778A3634:01BB 01 00000000:00000000 02:00000EA9 00000000  1000        0 5070 2 0000000042f12e22 27 4 31 10 -1                     
   8: 02001EAC:0947 A507A8C0:A960 01 00000000:00000000 00:00000000 00000000     0        0 1944 1 00000000e24cad1a 20 4 31 10 -1                     
   9: 02001EAC:D9A2 6F3CE122:01BB 01 00000000:00000000 02:00001112 00000000  1000        0 6460 2 000000008e87f52f 26 4 23 10 -1                     
  10: 02001EAC:E6DC 01010101:0035 06 00000000:00000000 03:00000220 00000000     0        0 0 3 0000000011bd6be6                                      
  sl  local_address                         remote_address                        st tx_queue rx_queue tr tm->when retrnsmt   uid  timeout inode
   0: 00000000000000000000000000000000:65C5 00000000000000000000000000000000:0000 0A 00000000:00000000 00:00000000 00000000  1000        0 4755 1 00000000e354c165 100 0 0 10 0
   1: 0000000000000000FFFF000002001EAC:65C5 0000000000000000FFFF0000A507A8C0:88FA 06 00000000:00000000 03:0000120B 00000000     0        0 0 3 0000000085de9e7c
   2: 0000000000000000FFFF000002001EAC:65C5 0000000000000000FFFF0000A507A8C0:E914 01 00000000:00000000 00:00000000 00000000  1000        0 19733 1 000000008fe60dc2 20 4 27 10 -1
timestamp 2025-09-10T04:54:13+00:00
  sl  local_address rem_address   st tx_queue rx_queue tr tm->when retrnsmt   uid  timeout inode                                                     
   0: 00000000:0947 00000000:0000 0A 00000000:00000000 00:00000000 00000000     0        0 3374 1 00000000c02401b0 100 0 0 10 0                      
   1: 00000000:6784 00000000:0000 0A 00000000:00000000 00:00000000 00000000     0        0 2805 1 000000008185227b 100 0 0 10 0                      
   2: 02001EAC:AA2E 7D121268:01BB 01 00000000:00000000 00:00000000 00000000  1000        0 8218 1 000000000a778bf5 20 4 26 10 -1                     
   3: 02001EAC:855C 51990634:01BB 01 00000000:00000000 00:00000000 00000000  1000        0 5641 1 00000000e6ce5bc1 26 4 31 10 -1                     
   4: 02001EAC:D138 01010101:0035 06 00000000:00000000 03:00000E0F 00000000     0        0 0 3 000000005df894a5                                      
   5: 02001EAC:6784 A507A8C0:910E 01 00000000:00000000 00:00000000 00000000     0        0 3750 1 00000000208bd012 20 4 26 10 -1                     
   6: 02001EAC:DDA0 01010101:0035 06 00000000:00000000 03:000006EA 00000000     0        0 0 3 00000000334fa7a6                                      
   7: 02001EAC:90B4 778A3634:01BB 01 00000000:00000000 02:00000DD6 00000000  1000        0 5070 2 0000000042f12e22 27 4 31 10 -1                     
   8: 02001EAC:0947 A507A8C0:A960 01 00000000:00000000 00:00000000 00000000     0        0 1944 1 00000000e24cad1a 20 4 31 10 -1                     
   9: 02001EAC:D9A2 6F3CE122:01BB 01 00000000:00000000 02:0000103F 00000000  1000        0 6460 2 000000008e87f52f 26 4 23 10 -1                     
  10: 02001EAC:E6DC 01010101:0035 06 00000000:00000000 03:0000014D 00000000     0        0 0 3 0000000011bd6be6                                      
  sl  local_address                         remote_address                        st tx_queue rx_queue tr tm->when retrnsmt   uid  timeout inode
   0: 00000000000000000000000000000000:65C5 00000000000000000000000000000000:0000 0A 00000000:00000000 00:00000000 00000000  1000        0 4755 1 00000000e354c165 100 0 0 10 0
   1: 0000000000000000FFFF000002001EAC:65C5 0000000000000000FFFF0000A507A8C0:88FA 06 00000000:00000000 03:00001138 00000000     0        0 0 3 0000000085de9e7c
   2: 0000000000000000FFFF000002001EAC:65C5 0000000000000000FFFF0000A507A8C0:E914 01 00000000:00000000 00:00000000 00000000  1000        0 19733 1 000000008fe60dc2 20 4 27 10 -1
timestamp 2025-09-10T04:54:15+00:00
  sl  local_address rem_address   st tx_queue rx_queue tr tm->when retrnsmt   uid  timeout inode                                                     
   0: 00000000:0947 00000000:0000 0A 00000000:00000000 00:00000000 00000000     0        0 3374 1 00000000c02401b0 100 0 0 10 0                      
   1: 00000000:6784 00000000:0000 0A 00000000:00000000 00:00000000 00000000     0        0 2805 1 000000008185227b 100 0 0 10 0                      
   2: 02001EAC:AA2E 7D121268:01BB 01 00000000:00000000 00:00000000 00000000  1000        0 8218 1 000000000a778bf5 20 4 26 10 -1                     
   3: 02001EAC:855C 51990634:01BB 01 00000000:00000000 00:00000000 00000000  1000        0 5641 1 00000000e6ce5bc1 26 4 31 10 -1                     
   4: 02001EAC:D138 01010101:0035 06 00000000:00000000 03:00000D3B 00000000     0        0 0 3 000000005df894a5                                      
   5: 02001EAC:6784 A507A8C0:910E 01 00000000:00000000 00:00000000 00000000     0        0 3750 1 00000000208bd012 20 4 26 10 -1                     
   6: 02001EAC:DDA0 01010101:0035 06 00000000:00000000 03:00000616 00000000     0        0 0 3 00000000334fa7a6                                      
   7: 02001EAC:90B4 778A3634:01BB 01 00000000:00000000 02:00000D02 00000000  1000        0 5070 2 0000000042f12e22 27 4 31 10 -1                     
   8: 02001EAC:0947 A507A8C0:A960 01 00000000:00000000 00:00000000 00000000     0        0 1944 1 00000000e24cad1a 20 4 31 10 -1                     
   9: 02001EAC:D9A2 6F3CE122:01BB 01 00000000:00000000 02:00000F6B 00000000  1000        0 6460 2 000000008e87f52f 26 4 23 10 -1                     
  10: 02001EAC:E6DC 01010101:0035 06 00000000:00000000 03:00000079 00000000     0        0 0 3 0000000011bd6be6                                      
  sl  local_address                         remote_address                        st tx_queue rx_queue tr tm->when retrnsmt   uid  timeout inode
   0: 00000000000000000000000000000000:65C5 00000000000000000000000000000000:0000 0A 00000000:00000000 00:00000000 00000000  1000        0 4755 1 00000000e354c165 100 0 0 10 0
   1: 0000000000000000FFFF000002001EAC:65C5 0000000000000000FFFF0000A507A8C0:88FA 06 00000000:00000000 03:00001064 00000000     0        0 0 3 0000000085de9e7c
   2: 0000000000000000FFFF000002001EAC:65C5 0000000000000000FFFF0000A507A8C0:E914 01 00000000:00000000 00:00000000 00000000  1000        0 19733 1 000000008fe60dc2 20 4 26 10 -1
timestamp 2025-09-10T04:54:17+00:00
  sl  local_address rem_address   st tx_queue rx_queue tr tm->when retrnsmt   uid  timeout inode                                                     
   0: 00000000:0947 00000000:0000 0A 00000000:00000000 00:00000000 00000000     0        0 3374 1 00000000c02401b0 100 0 0 10 0                      
   1: 00000000:6784 00000000:0000 0A 00000000:00000000 00:00000000 00000000     0        0 2805 1 000000008185227b 100 0 0 10 0                      
   2: 02001EAC:AA2E 7D121268:01BB 01 00000000:00000000 00:00000000 00000000  1000        0 8218 1 000000000a778bf5 20 4 26 10 -1                     
   3: 02001EAC:855C 51990634:01BB 01 00000000:00000000 00:00000000 00000000  1000        0 5641 1 00000000e6ce5bc1 26 4 31 10 -1                     
   4: 02001EAC:D138 01010101:0035 06 00000000:00000000 03:00000C68 00000000     0        0 0 3 000000005df894a5                                      
   5: 02001EAC:6784 A507A8C0:910E 01 00000000:00000000 00:00000000 00000000     0        0 3750 1 00000000208bd012 20 4 26 10 -1                     
   6: 02001EAC:DDA0 01010101:0035 06 00000000:00000000 03:00000542 00000000     0        0 0 3 00000000334fa7a6                                      
   7: 02001EAC:90B4 778A3634:01BB 01 00000000:00000000 02:00000C2E 00000000  1000        0 5070 2 0000000042f12e22 27 4 31 10 -1                     
   8: 02001EAC:0947 A507A8C0:A960 01 00000000:00000000 00:00000000 00000000     0        0 1944 1 00000000e24cad1a 20 4 31 10 -1                     
   9: 02001EAC:D9A2 6F3CE122:01BB 01 00000000:00000000 02:00000E98 00000000  1000        0 6460 2 000000008e87f52f 26 4 23 10 -1                     
  10: 02001EAC:E6DC 01010101:0035 06 00000000:00000000 03:00000000 00000000     0        0 0 3 0000000011bd6be6                                      
  sl  local_address                         remote_address                        st tx_queue rx_queue tr tm->when retrnsmt   uid  timeout inode
   0: 00000000000000000000000000000000:65C5 00000000000000000000000000000000:0000 0A 00000000:00000000 00:00000000 00000000  1000        0 4755 1 00000000e354c165 100 0 0 10 0
   1: 0000000000000000FFFF000002001EAC:65C5 0000000000000000FFFF0000A507A8C0:88FA 06 00000000:00000000 03:00000F90 00000000     0        0 0 3 0000000085de9e7c
   2: 0000000000000000FFFF000002001EAC:65C5 0000000000000000FFFF0000A507A8C0:E914 01 00000000:00000000 00:00000000 00000000  1000        0 19733 1 000000008fe60dc2 20 4 26 10 -1
timestamp 2025-09-10T04:54:19+00:00
  sl  local_address rem_address   st tx_queue rx_queue tr tm->when retrnsmt   uid  timeout inode                                                     
   0: 00000000:0947 00000000:0000 0A 00000000:00000000 00:00000000 00000000     0        0 3374 1 00000000c02401b0 100 0 0 10 0                      
   1: 00000000:6784 00000000:0000 0A 00000000:00000000 00:00000000 00000000     0        0 2805 1 000000008185227b 100 0 0 10 0                      
   2: 02001EAC:AA2E 7D121268:01BB 01 00000000:00000000 00:00000000 00000000  1000        0 8218 1 000000000a778bf5 20 4 26 10 -1                     
   3: 02001EAC:855C 51990634:01BB 01 00000000:00000000 00:00000000 00000000  1000        0 5641 1 00000000e6ce5bc1 26 4 31 10 -1                     
   4: 02001EAC:D138 01010101:0035 06 00000000:00000000 03:00000B94 00000000     0        0 0 3 000000005df894a5                                      
   5: 02001EAC:6784 A507A8C0:910E 01 00000000:00000000 00:00000000 00000000     0        0 3750 1 00000000208bd012 20 4 26 10 -1                     
   6: 02001EAC:DDA0 01010101:0035 06 00000000:00000000 03:0000046F 00000000     0        0 0 3 00000000334fa7a6                                      
   7: 02001EAC:90B4 778A3634:01BB 01 00000000:00000000 02:00000B5A 00000000  1000        0 5070 2 0000000042f12e22 27 4 31 10 -1                     
   8: 02001EAC:0947 A507A8C0:A960 01 00000000:00000000 00:00000000 00000000     0        0 1944 1 00000000e24cad1a 20 4 31 10 -1                     
   9: 02001EAC:D9A2 6F3CE122:01BB 01 00000000:00000000 02:00000DC4 00000000  1000        0 6460 2 000000008e87f52f 26 4 23 10 -1                     
  sl  local_address                         remote_address                        st tx_queue rx_queue tr tm->when retrnsmt   uid  timeout inode
   0: 00000000000000000000000000000000:65C5 00000000000000000000000000000000:0000 0A 00000000:00000000 00:00000000 00000000  1000        0 4755 1 00000000e354c165 100 0 0 10 0
   1: 0000000000000000FFFF000002001EAC:65C5 0000000000000000FFFF0000A507A8C0:88FA 06 00000000:00000000 03:00000EBD 00000000     0        0 0 3 0000000085de9e7c
   2: 0000000000000000FFFF000002001EAC:65C5 0000000000000000FFFF0000A507A8C0:E914 01 00000000:00000000 00:00000000 00000000  1000        0 19733 1 000000008fe60dc2 20 4 27 10 -1
timestamp 2025-09-10T04:54:21+00:00
  sl  local_address rem_address   st tx_queue rx_queue tr tm->when retrnsmt   uid  timeout inode                                                     
   0: 00000000:0947 00000000:0000 0A 00000000:00000000 00:00000000 00000000     0        0 3374 1 00000000c02401b0 100 0 0 10 0                      
   1: 00000000:6784 00000000:0000 0A 00000000:00000000 00:00000000 00000000     0        0 2805 1 000000008185227b 100 0 0 10 0                      
   2: 02001EAC:AA2E 7D121268:01BB 01 00000000:00000000 00:00000000 00000000  1000        0 8218 1 000000000a778bf5 20 4 26 10 -1                     
   3: 02001EAC:855C 51990634:01BB 01 00000000:00000000 00:00000000 00000000  1000        0 5641 1 00000000e6ce5bc1 26 4 31 10 -1                     
   4: 02001EAC:D138 01010101:0035 06 00000000:00000000 03:00000AC0 00000000     0        0 0 3 000000005df894a5                                      
   5: 02001EAC:6784 A507A8C0:910E 01 00000000:00000000 00:00000000 00000000     0        0 3750 1 00000000208bd012 20 4 26 10 -1                     
   6: 02001EAC:DDA0 01010101:0035 06 00000000:00000000 03:0000039B 00000000     0        0 0 3 00000000334fa7a6                                      
   7: 02001EAC:90B4 778A3634:01BB 01 00000000:00000000 02:00000A87 00000000  1000        0 5070 2 0000000042f12e22 27 4 31 10 -1                     
   8: 02001EAC:0947 A507A8C0:A960 01 00000000:00000000 00:00000000 00000000     0        0 1944 1 00000000e24cad1a 20 4 31 10 -1                     
   9: 02001EAC:D9A2 6F3CE122:01BB 01 00000000:00000000 02:00000CF0 00000000  1000        0 6460 2 000000008e87f52f 26 4 23 10 -1                     
  sl  local_address                         remote_address                        st tx_queue rx_queue tr tm->when retrnsmt   uid  timeout inode
   0: 00000000000000000000000000000000:65C5 00000000000000000000000000000000:0000 0A 00000000:00000000 00:00000000 00000000  1000        0 4755 1 00000000e354c165 100 0 0 10 0
   1: 0000000000000000FFFF000002001EAC:65C5 0000000000000000FFFF0000A507A8C0:88FA 06 00000000:00000000 03:00000DE9 00000000     0        0 0 3 0000000085de9e7c
   2: 0000000000000000FFFF000002001EAC:65C5 0000000000000000FFFF0000A507A8C0:E914 01 00000000:00000000 00:00000000 00000000  1000        0 19733 1 000000008fe60dc2 20 4 27 10 -1
timestamp 2025-09-10T04:54:23+00:00
  sl  local_address rem_address   st tx_queue rx_queue tr tm->when retrnsmt   uid  timeout inode                                                     
   0: 00000000:0947 00000000:0000 0A 00000000:00000000 00:00000000 00000000     0        0 3374 1 00000000c02401b0 100 0 0 10 0                      
   1: 00000000:6784 00000000:0000 0A 00000000:00000000 00:00000000 00000000     0        0 2805 1 000000008185227b 100 0 0 10 0                      
   2: 02001EAC:AA2E 7D121268:01BB 01 00000000:00000000 00:00000000 00000000  1000        0 8218 1 000000000a778bf5 20 4 26 10 -1                     
   3: 02001EAC:855C 51990634:01BB 01 00000000:00000000 00:00000000 00000000  1000        0 5641 1 00000000e6ce5bc1 26 4 31 10 -1                     
   4: 02001EAC:D138 01010101:0035 06 00000000:00000000 03:000009ED 00000000     0        0 0 3 000000005df894a5                                      
   5: 02001EAC:6784 A507A8C0:910E 01 00000000:00000000 00:00000000 00000000     0        0 3750 1 00000000208bd012 20 4 26 10 -1                     
   6: 02001EAC:DDA0 01010101:0035 06 00000000:00000000 03:000002C8 00000000     0        0 0 3 00000000334fa7a6                                      
   7: 02001EAC:90B4 778A3634:01BB 01 00000000:00000000 02:000009B3 00000000  1000        0 5070 2 0000000042f12e22 27 4 31 10 -1                     
   8: 02001EAC:0947 A507A8C0:A960 01 00000000:00000000 00:00000000 00000000     0        0 1944 1 00000000e24cad1a 20 4 31 10 -1                     
   9: 02001EAC:D9A2 6F3CE122:01BB 01 00000000:00000000 02:00000C1D 00000000  1000        0 6460 2 000000008e87f52f 26 4 23 10 -1                     
  sl  local_address                         remote_address                        st tx_queue rx_queue tr tm->when retrnsmt   uid  timeout inode
   0: 00000000000000000000000000000000:65C5 00000000000000000000000000000000:0000 0A 00000000:00000000 00:00000000 00000000  1000        0 4755 1 00000000e354c165 100 0 0 10 0
   1: 0000000000000000FFFF000002001EAC:65C5 0000000000000000FFFF0000A507A8C0:88FA 06 00000000:00000000 03:00000D16 00000000     0        0 0 3 0000000085de9e7c
   2: 0000000000000000FFFF000002001EAC:65C5 0000000000000000FFFF0000A507A8C0:E914 01 00000000:00000000 00:00000000 00000000  1000        0 19733 1 000000008fe60dc2 20 4 27 10 -1
timestamp 2025-09-10T04:54:26+00:00
  sl  local_address rem_address   st tx_queue rx_queue tr tm->when retrnsmt   uid  timeout inode                                                     
   0: 00000000:0947 00000000:0000 0A 00000000:00000000 00:00000000 00000000     0        0 3374 1 00000000c02401b0 100 0 0 10 0                      
   1: 00000000:6784 00000000:0000 0A 00000000:00000000 00:00000000 00000000     0        0 2805 1 000000008185227b 100 0 0 10 0                      
   2: 02001EAC:AA2E 7D121268:01BB 01 00000000:00000000 00:00000000 00000000  1000        0 8218 1 000000000a778bf5 20 4 26 10 -1                     
   3: 02001EAC:855C 51990634:01BB 01 00000000:00000000 00:00000000 00000000  1000        0 5641 1 00000000e6ce5bc1 26 4 31 10 -1                     
   4: 02001EAC:D138 01010101:0035 06 00000000:00000000 03:00000919 00000000     0        0 0 3 000000005df894a5                                      
   5: 02001EAC:6784 A507A8C0:910E 01 00000000:00000000 00:00000000 00000000     0        0 3750 1 00000000208bd012 20 4 26 10 -1                     
   6: 02001EAC:DDA0 01010101:0035 06 00000000:00000000 03:000001F4 00000000     0        0 0 3 00000000334fa7a6                                      
   7: 02001EAC:90B4 778A3634:01BB 01 00000000:00000000 02:000008DF 00000000  1000        0 5070 2 0000000042f12e22 27 4 31 10 -1                     
   8: 02001EAC:0947 A507A8C0:A960 01 00000000:00000000 00:00000000 00000000     0        0 1944 1 00000000e24cad1a 20 4 31 10 -1                     
   9: 02001EAC:D9A2 6F3CE122:01BB 01 00000000:00000000 02:00000B49 00000000  1000        0 6460 2 000000008e87f52f 26 4 23 10 -1                     
  sl  local_address                         remote_address                        st tx_queue rx_queue tr tm->when retrnsmt   uid  timeout inode
   0: 00000000000000000000000000000000:65C5 00000000000000000000000000000000:0000 0A 00000000:00000000 00:00000000 00000000  1000        0 4755 1 00000000e354c165 100 0 0 10 0
   1: 0000000000000000FFFF000002001EAC:65C5 0000000000000000FFFF0000A507A8C0:88FA 06 00000000:00000000 03:00000C42 00000000     0        0 0 3 0000000085de9e7c
   2: 0000000000000000FFFF000002001EAC:65C5 0000000000000000FFFF0000A507A8C0:E914 01 00000000:00000000 00:00000000 00000000  1000        0 19733 2 000000008fe60dc2 20 4 21 10 -1
timestamp 2025-09-10T04:54:28+00:00
  sl  local_address rem_address   st tx_queue rx_queue tr tm->when retrnsmt   uid  timeout inode                                                     
   0: 00000000:0947 00000000:0000 0A 00000000:00000000 00:00000000 00000000     0        0 3374 1 00000000c02401b0 100 0 0 10 0                      
   1: 00000000:6784 00000000:0000 0A 00000000:00000000 00:00000000 00000000     0        0 2805 1 000000008185227b 100 0 0 10 0                      
   2: 02001EAC:AA2E 7D121268:01BB 01 00000000:00000000 00:00000000 00000000  1000        0 8218 1 000000000a778bf5 20 4 26 10 -1                     
   3: 02001EAC:855C 51990634:01BB 01 00000000:00000000 00:00000000 00000000  1000        0 5641 1 00000000e6ce5bc1 26 4 31 10 -1                     
   4: 02001EAC:D138 01010101:0035 06 00000000:00000000 03:00000845 00000000     0        0 0 3 000000005df894a5                                      
   5: 02001EAC:6784 A507A8C0:910E 01 00000000:00000000 00:00000000 00000000     0        0 3750 1 00000000208bd012 20 4 26 10 -1                     
   6: 02001EAC:DDA0 01010101:0035 06 00000000:00000000 03:00000120 00000000     0        0 0 3 00000000334fa7a6                                      
   7: 02001EAC:90B4 778A3634:01BB 01 00000000:00000000 02:0000080C 00000000  1000        0 5070 2 0000000042f12e22 27 4 31 10 -1                     
   8: 02001EAC:0947 A507A8C0:A960 01 00000000:00000000 00:00000000 00000000     0        0 1944 1 00000000e24cad1a 20 4 31 10 -1                     
   9: 02001EAC:D9A2 6F3CE122:01BB 01 00000000:00000000 02:00000A75 00000000  1000        0 6460 2 000000008e87f52f 26 4 23 10 -1                     
  sl  local_address                         remote_address                        st tx_queue rx_queue tr tm->when retrnsmt   uid  timeout inode
   0: 00000000000000000000000000000000:65C5 00000000000000000000000000000000:0000 0A 00000000:00000000 00:00000000 00000000  1000        0 4755 1 00000000e354c165 100 0 0 10 0
   1: 0000000000000000FFFF000002001EAC:65C5 0000000000000000FFFF0000A507A8C0:88FA 06 00000000:00000000 03:00000B6E 00000000     0        0 0 3 0000000085de9e7c
   2: 0000000000000000FFFF000002001EAC:65C5 0000000000000000FFFF0000A507A8C0:E914 01 00000000:00000000 00:00000000 00000000  1000        0 19733 2 000000008fe60dc2 20 4 27 10 -1
timestamp 2025-09-10T04:54:30+00:00
  sl  local_address rem_address   st tx_queue rx_queue tr tm->when retrnsmt   uid  timeout inode                                                     
   0: 00000000:0947 00000000:0000 0A 00000000:00000000 00:00000000 00000000     0        0 3374 1 00000000c02401b0 100 0 0 10 0                      
   1: 00000000:6784 00000000:0000 0A 00000000:00000000 00:00000000 00000000     0        0 2805 1 000000008185227b 100 0 0 10 0                      
   2: 02001EAC:AA2E 7D121268:01BB 01 00000000:00000000 00:00000000 00000000  1000        0 8218 1 000000000a778bf5 20 4 26 10 -1                     
   3: 02001EAC:855C 51990634:01BB 01 00000000:00000000 00:00000000 00000000  1000        0 5641 1 00000000e6ce5bc1 26 4 31 10 -1                     
   4: 02001EAC:D138 01010101:0035 06 00000000:00000000 03:00000772 00000000     0        0 0 3 000000005df894a5                                      
   5: 02001EAC:6784 A507A8C0:910E 01 00000000:00000000 00:00000000 00000000     0        0 3750 1 00000000208bd012 20 4 26 10 -1                     
   6: 02001EAC:DDA0 01010101:0035 06 00000000:00000000 03:0000004C 00000000     0        0 0 3 00000000334fa7a6                                      
   7: 02001EAC:90B4 778A3634:01BB 01 00000000:00000000 02:00000738 00000000  1000        0 5070 2 0000000042f12e22 27 4 31 10 -1                     
   8: 02001EAC:0947 A507A8C0:A960 01 00000000:00000000 00:00000000 00000000     0        0 1944 1 00000000e24cad1a 20 4 31 10 -1                     
   9: 02001EAC:D9A2 6F3CE122:01BB 01 00000000:00000000 02:000009A2 00000000  1000        0 6460 2 000000008e87f52f 26 4 23 10 -1                     
  sl  local_address                         remote_address                        st tx_queue rx_queue tr tm->when retrnsmt   uid  timeout inode
   0: 00000000000000000000000000000000:65C5 00000000000000000000000000000000:0000 0A 00000000:00000000 00:00000000 00000000  1000        0 4755 1 00000000e354c165 100 0 0 10 0
   1: 0000000000000000FFFF000002001EAC:65C5 0000000000000000FFFF0000A507A8C0:88FA 06 00000000:00000000 03:00000A9A 00000000     0        0 0 3 0000000085de9e7c
   2: 0000000000000000FFFF000002001EAC:65C5 0000000000000000FFFF0000A507A8C0:E914 01 00000000:00000000 00:00000000 00000000  1000        0 19733 1 000000008fe60dc2 20 4 27 10 -1
timestamp 2025-09-10T04:54:32+00:00
  sl  local_address rem_address   st tx_queue rx_queue tr tm->when retrnsmt   uid  timeout inode                                                     
   0: 00000000:0947 00000000:0000 0A 00000000:00000000 00:00000000 00000000     0        0 3374 1 00000000c02401b0 100 0 0 10 0                      
   1: 00000000:6784 00000000:0000 0A 00000000:00000000 00:00000000 00000000     0        0 2805 1 000000008185227b 100 0 0 10 0                      
   2: 02001EAC:AA2E 7D121268:01BB 01 00000000:00000000 00:00000000 00000000  1000        0 8218 1 000000000a778bf5 20 4 26 10 -1                     
   3: 02001EAC:855C 51990634:01BB 01 00000000:00000000 00:00000000 00000000  1000        0 5641 1 00000000e6ce5bc1 26 4 31 10 -1                     
   4: 02001EAC:D138 01010101:0035 06 00000000:00000000 03:0000069E 00000000     0        0 0 3 000000005df894a5                                      
   5: 02001EAC:6784 A507A8C0:910E 01 00000000:00000000 00:00000000 00000000     0        0 3750 1 00000000208bd012 20 4 26 10 -1                     
   6: 02001EAC:DDA0 01010101:0035 06 00000000:00000000 03:00000000 00000000     0        0 0 3 00000000334fa7a6                                      
   7: 02001EAC:90B4 778A3634:01BB 01 00000000:00000000 02:00000664 00000000  1000        0 5070 2 0000000042f12e22 27 4 31 10 -1                     
   8: 02001EAC:0947 A507A8C0:A960 01 00000000:00000000 00:00000000 00000000     0        0 1944 1 00000000e24cad1a 20 4 31 10 -1                     
   9: 02001EAC:D9A2 6F3CE122:01BB 01 00000000:00000000 02:000008CE 00000000  1000        0 6460 2 000000008e87f52f 26 4 23 10 -1                     
  sl  local_address                         remote_address                        st tx_queue rx_queue tr tm->when retrnsmt   uid  timeout inode
   0: 00000000000000000000000000000000:65C5 00000000000000000000000000000000:0000 0A 00000000:00000000 00:00000000 00000000  1000        0 4755 1 00000000e354c165 100 0 0 10 0
   1: 0000000000000000FFFF000002001EAC:65C5 0000000000000000FFFF0000A507A8C0:88FA 06 00000000:00000000 03:000009C6 00000000     0        0 0 3 0000000085de9e7c
   2: 0000000000000000FFFF000002001EAC:65C5 0000000000000000FFFF0000A507A8C0:E914 01 00000000:00000000 00:00000000 00000000  1000        0 19733 1 000000008fe60dc2 20 4 27 10 -1
timestamp 2025-09-10T04:54:34+00:00
  sl  local_address rem_address   st tx_queue rx_queue tr tm->when retrnsmt   uid  timeout inode                                                     
   0: 00000000:0947 00000000:0000 0A 00000000:00000000 00:00000000 00000000     0        0 3374 1 00000000c02401b0 100 0 0 10 0                      
   1: 00000000:6784 00000000:0000 0A 00000000:00000000 00:00000000 00000000     0        0 2805 1 000000008185227b 100 0 0 10 0                      
   2: 02001EAC:AA2E 7D121268:01BB 01 00000000:00000000 00:00000000 00000000  1000        0 8218 1 000000000a778bf5 20 4 26 10 -1                     
   3: 02001EAC:855C 51990634:01BB 01 00000000:00000000 00:00000000 00000000  1000        0 5641 1 00000000e6ce5bc1 26 4 31 10 -1                     
   4: 02001EAC:D138 01010101:0035 06 00000000:00000000 03:000005CA 00000000     0        0 0 3 000000005df894a5                                      
   5: 02001EAC:6784 A507A8C0:910E 01 00000000:00000000 00:00000000 00000000     0        0 3750 1 00000000208bd012 20 4 26 10 -1                     
   6: 02001EAC:90B4 778A3634:01BB 01 00000000:00000000 02:00000590 00000000  1000        0 5070 2 0000000042f12e22 27 4 31 10 -1                     
   7: 02001EAC:0947 A507A8C0:A960 01 00000000:00000000 00:00000000 00000000     0        0 1944 1 00000000e24cad1a 20 4 31 10 -1                     
   8: 02001EAC:D9A2 6F3CE122:01BB 01 00000000:00000000 02:000007FA 00000000  1000        0 6460 2 000000008e87f52f 26 4 23 10 -1                     
  sl  local_address                         remote_address                        st tx_queue rx_queue tr tm->when retrnsmt   uid  timeout inode
   0: 00000000000000000000000000000000:65C5 00000000000000000000000000000000:0000 0A 00000000:00000000 00:00000000 00000000  1000        0 4755 1 00000000e354c165 100 0 0 10 0
   1: 0000000000000000FFFF000002001EAC:65C5 0000000000000000FFFF0000A507A8C0:88FA 06 00000000:00000000 03:000008F2 00000000     0        0 0 3 0000000085de9e7c
   2: 0000000000000000FFFF000002001EAC:65C5 0000000000000000FFFF0000A507A8C0:E914 01 00000000:00000000 00:00000000 00000000  1000        0 19733 1 000000008fe60dc2 20 4 27 10 -1
timestamp 2025-09-10T04:54:36+00:00
  sl  local_address rem_address   st tx_queue rx_queue tr tm->when retrnsmt   uid  timeout inode                                                     
   0: 00000000:0947 00000000:0000 0A 00000000:00000000 00:00000000 00000000     0        0 3374 1 00000000c02401b0 100 0 0 10 0                      
   1: 00000000:6784 00000000:0000 0A 00000000:00000000 00:00000000 00000000     0        0 2805 1 000000008185227b 100 0 0 10 0                      
   2: 02001EAC:AA2E 7D121268:01BB 01 00000000:00000000 00:00000000 00000000  1000        0 8218 1 000000000a778bf5 20 4 26 10 -1                     
   3: 02001EAC:855C 51990634:01BB 01 00000000:00000000 00:00000000 00000000  1000        0 5641 1 00000000e6ce5bc1 26 4 31 10 -1                     
   4: 02001EAC:D138 01010101:0035 06 00000000:00000000 03:000004F6 00000000     0        0 0 3 000000005df894a5                                      
   5: 02001EAC:6784 A507A8C0:910E 01 00000000:00000000 00:00000000 00000000     0        0 3750 1 00000000208bd012 20 4 26 10 -1                     
   6: 02001EAC:90B4 778A3634:01BB 01 00000000:00000000 02:000004BC 00000000  1000        0 5070 2 0000000042f12e22 27 4 31 10 -1                     
   7: 02001EAC:0947 A507A8C0:A960 01 00000000:00000000 00:00000000 00000000     0        0 1944 1 00000000e24cad1a 20 4 31 10 -1                     
   8: 02001EAC:D9A2 6F3CE122:01BB 01 00000000:00000000 02:00000726 00000000  1000        0 6460 2 000000008e87f52f 26 4 23 10 -1                     
  sl  local_address                         remote_address                        st tx_queue rx_queue tr tm->when retrnsmt   uid  timeout inode
   0: 00000000000000000000000000000000:65C5 00000000000000000000000000000000:0000 0A 00000000:00000000 00:00000000 00000000  1000        0 4755 1 00000000e354c165 100 0 0 10 0
   1: 0000000000000000FFFF000002001EAC:65C5 0000000000000000FFFF0000A507A8C0:88FA 06 00000000:00000000 03:0000081F 00000000     0        0 0 3 0000000085de9e7c
   2: 0000000000000000FFFF000002001EAC:65C5 0000000000000000FFFF0000A507A8C0:E914 01 00000000:00000000 00:00000000 00000000  1000        0 19733 1 000000008fe60dc2 20 4 27 10 -1
timestamp 2025-09-10T04:54:38+00:00
  sl  local_address rem_address   st tx_queue rx_queue tr tm->when retrnsmt   uid  timeout inode                                                     
   0: 00000000:0947 00000000:0000 0A 00000000:00000000 00:00000000 00000000     0        0 3374 1 00000000c02401b0 100 0 0 10 0                      
   1: 00000000:6784 00000000:0000 0A 00000000:00000000 00:00000000 00000000     0        0 2805 1 000000008185227b 100 0 0 10 0                      
   2: 02001EAC:AA2E 7D121268:01BB 01 00000000:00000000 00:00000000 00000000  1000        0 8218 1 000000000a778bf5 20 4 26 10 -1                     
   3: 02001EAC:855C 51990634:01BB 01 00000000:00000000 00:00000000 00000000  1000        0 5641 1 00000000e6ce5bc1 26 4 31 10 -1                     
   4: 02001EAC:D138 01010101:0035 06 00000000:00000000 03:00000422 00000000     0        0 0 3 000000005df894a5                                      
   5: 02001EAC:6784 A507A8C0:910E 01 00000000:00000000 00:00000000 00000000     0        0 3750 1 00000000208bd012 20 4 26 10 -1                     
   6: 02001EAC:90B4 778A3634:01BB 01 00000000:00000000 02:000003E8 00000000  1000        0 5070 2 0000000042f12e22 27 4 31 10 -1                     
   7: 02001EAC:0947 A507A8C0:A960 01 00000000:00000000 00:00000000 00000000     0        0 1944 1 00000000e24cad1a 20 4 31 10 -1                     
   8: 02001EAC:D9A2 6F3CE122:01BB 01 00000000:00000000 02:00000652 00000000  1000        0 6460 2 000000008e87f52f 26 4 23 10 -1                     
  sl  local_address                         remote_address                        st tx_queue rx_queue tr tm->when retrnsmt   uid  timeout inode
   0: 00000000000000000000000000000000:65C5 00000000000000000000000000000000:0000 0A 00000000:00000000 00:00000000 00000000  1000        0 4755 1 00000000e354c165 100 0 0 10 0
   1: 0000000000000000FFFF000002001EAC:65C5 0000000000000000FFFF0000A507A8C0:88FA 06 00000000:00000000 03:0000074B 00000000     0        0 0 3 0000000085de9e7c
   2: 0000000000000000FFFF000002001EAC:65C5 0000000000000000FFFF0000A507A8C0:E914 01 00000000:00000000 00:00000000 00000000  1000        0 19733 1 000000008fe60dc2 20 4 27 10 -1
timestamp 2025-09-10T04:54:40+00:00
  sl  local_address rem_address   st tx_queue rx_queue tr tm->when retrnsmt   uid  timeout inode                                                     
   0: 00000000:0947 00000000:0000 0A 00000000:00000000 00:00000000 00000000     0        0 3374 1 00000000c02401b0 100 0 0 10 0                      
   1: 00000000:6784 00000000:0000 0A 00000000:00000000 00:00000000 00000000     0        0 2805 1 000000008185227b 100 0 0 10 0                      
   2: 02001EAC:AA2E 7D121268:01BB 01 00000000:00000000 00:00000000 00000000  1000        0 8218 1 000000000a778bf5 20 4 26 10 -1                     
   3: 02001EAC:855C 51990634:01BB 01 00000000:00000000 00:00000000 00000000  1000        0 5641 1 00000000e6ce5bc1 26 4 31 10 -1                     
   4: 02001EAC:D138 01010101:0035 06 00000000:00000000 03:0000034E 00000000     0        0 0 3 000000005df894a5                                      
   5: 02001EAC:6784 A507A8C0:910E 01 00000000:00000000 00:00000000 00000000     0        0 3750 1 00000000208bd012 20 4 26 10 -1                     
   6: 02001EAC:90B4 778A3634:01BB 01 00000000:00000000 02:00000315 00000000  1000        0 5070 2 0000000042f12e22 27 4 31 10 -1                     
   7: 02001EAC:0947 A507A8C0:A960 01 00000000:00000000 00:00000000 00000000     0        0 1944 1 00000000e24cad1a 20 4 31 10 -1                     
   8: 02001EAC:D9A2 6F3CE122:01BB 01 00000000:00000000 02:0000057E 00000000  1000        0 6460 2 000000008e87f52f 26 4 23 10 -1                     
  sl  local_address                         remote_address                        st tx_queue rx_queue tr tm->when retrnsmt   uid  timeout inode
   0: 00000000000000000000000000000000:65C5 00000000000000000000000000000000:0000 0A 00000000:00000000 00:00000000 00000000  1000        0 4755 1 00000000e354c165 100 0 0 10 0
   1: 0000000000000000FFFF000002001EAC:65C5 0000000000000000FFFF0000A507A8C0:88FA 06 00000000:00000000 03:00000677 00000000     0        0 0 3 0000000085de9e7c
   2: 0000000000000000FFFF000002001EAC:65C5 0000000000000000FFFF0000A507A8C0:E914 01 00000000:00000000 00:00000000 00000000  1000        0 19733 2 000000008fe60dc2 20 4 27 10 -1
timestamp 2025-09-10T04:54:42+00:00
  sl  local_address rem_address   st tx_queue rx_queue tr tm->when retrnsmt   uid  timeout inode                                                     
   0: 00000000:0947 00000000:0000 0A 00000000:00000000 00:00000000 00000000     0        0 3374 1 00000000c02401b0 100 0 0 10 0                      
   1: 00000000:6784 00000000:0000 0A 00000000:00000000 00:00000000 00000000     0        0 2805 1 000000008185227b 100 0 0 10 0                      
   2: 02001EAC:AA2E 7D121268:01BB 01 00000000:00000000 00:00000000 00000000  1000        0 8218 1 000000000a778bf5 20 4 26 10 -1                     
   3: 02001EAC:855C 51990634:01BB 01 00000000:00000000 00:00000000 00000000  1000        0 5641 1 00000000e6ce5bc1 26 4 31 10 -1                     
   4: 02001EAC:D138 01010101:0035 06 00000000:00000000 03:0000027B 00000000     0        0 0 3 000000005df894a5                                      
   5: 02001EAC:6784 A507A8C0:910E 01 00000000:00000000 00:00000000 00000000     0        0 3750 1 00000000208bd012 20 4 26 10 -1                     
   6: 02001EAC:90B4 778A3634:01BB 01 00000000:00000000 02:00000241 00000000  1000        0 5070 2 0000000042f12e22 27 4 31 10 -1                     
   7: 02001EAC:0947 A507A8C0:A960 01 00000000:00000000 00:00000000 00000000     0        0 1944 1 00000000e24cad1a 20 4 31 10 -1                     
   8: 02001EAC:D9A2 6F3CE122:01BB 01 00000000:00000000 02:000004AB 00000000  1000        0 6460 2 000000008e87f52f 26 4 23 10 -1                     
  sl  local_address                         remote_address                        st tx_queue rx_queue tr tm->when retrnsmt   uid  timeout inode
   0: 00000000000000000000000000000000:65C5 00000000000000000000000000000000:0000 0A 00000000:00000000 00:00000000 00000000  1000        0 4755 1 00000000e354c165 100 0 0 10 0
   1: 0000000000000000FFFF000002001EAC:65C5 0000000000000000FFFF0000A507A8C0:88FA 06 00000000:00000000 03:000005A4 00000000     0        0 0 3 0000000085de9e7c
   2: 0000000000000000FFFF000002001EAC:65C5 0000000000000000FFFF0000A507A8C0:E914 01 00000000:00000000 00:00000000 00000000  1000        0 19733 1 000000008fe60dc2 20 4 27 10 -1
timestamp 2025-09-10T04:54:45+00:00
  sl  local_address rem_address   st tx_queue rx_queue tr tm->when retrnsmt   uid  timeout inode                                                     
   0: 00000000:0947 00000000:0000 0A 00000000:00000000 00:00000000 00000000     0        0 3374 1 00000000c02401b0 100 0 0 10 0                      
   1: 00000000:6784 00000000:0000 0A 00000000:00000000 00:00000000 00000000     0        0 2805 1 000000008185227b 100 0 0 10 0                      
   2: 02001EAC:AA2E 7D121268:01BB 01 00000000:00000000 00:00000000 00000000  1000        0 8218 1 000000000a778bf5 20 4 26 10 -1                     
   3: 02001EAC:855C 51990634:01BB 01 00000000:00000000 00:00000000 00000000  1000        0 5641 1 00000000e6ce5bc1 26 4 31 10 -1                     
   4: 02001EAC:D138 01010101:0035 06 00000000:00000000 03:000001A7 00000000     0        0 0 3 000000005df894a5                                      
   5: 02001EAC:6784 A507A8C0:910E 01 00000000:00000000 00:00000000 00000000     0        0 3750 1 00000000208bd012 20 4 26 10 -1                     
   6: 02001EAC:90B4 778A3634:01BB 01 00000000:00000000 02:0000016E 00000000  1000        0 5070 2 0000000042f12e22 27 4 31 10 -1                     
   7: 02001EAC:0947 A507A8C0:A960 01 00000000:00000000 00:00000000 00000000     0        0 1944 1 00000000e24cad1a 20 4 31 10 -1                     
   8: 02001EAC:D9A2 6F3CE122:01BB 01 00000000:00000000 02:000003D7 00000000  1000        0 6460 2 000000008e87f52f 26 4 23 10 -1                     
  sl  local_address                         remote_address                        st tx_queue rx_queue tr tm->when retrnsmt   uid  timeout inode
   0: 00000000000000000000000000000000:65C5 00000000000000000000000000000000:0000 0A 00000000:00000000 00:00000000 00000000  1000        0 4755 1 00000000e354c165 100 0 0 10 0
   1: 0000000000000000FFFF000002001EAC:65C5 0000000000000000FFFF0000A507A8C0:88FA 06 00000000:00000000 03:000004D0 00000000     0        0 0 3 0000000085de9e7c
   2: 0000000000000000FFFF000002001EAC:65C5 0000000000000000FFFF0000A507A8C0:E914 01 00000000:00000000 00:00000000 00000000  1000        0 19733 1 000000008fe60dc2 20 4 27 10 -1
